2023-09-05 00:37:26,167 INFO  [restartedMain] com.cookerytech.CookerytechApplication:Starting CookerytechApplication using Java 11.0.9 on Atlgan-MacBook-Air.local with PID 11625 (/Users/atilgansahinulasan/IdeaProjects/cookerytech01/target/classes started by atilgansahinulasan in /Users/atilgansahinulasan/IdeaProjects/cookerytech01)
2023-09-05 00:37:26,193 INFO  [restartedMain] com.cookerytech.CookerytechApplication:No active profile set, falling back to 1 default profile: "default"
2023-09-05 00:37:26,389 INFO  [restartedMain] org.springframework.boot.devtools.env.DevToolsPropertyDefaultsPostProcessor:Devtools property defaults active! Set 'spring.devtools.add-properties' to 'false' to disable
2023-09-05 00:37:26,393 INFO  [restartedMain] org.springframework.boot.devtools.env.DevToolsPropertyDefaultsPostProcessor:For additional web related logging consider setting the 'logging.level.web' property to 'DEBUG'
2023-09-05 00:37:28,708 INFO  [restartedMain] org.springframework.data.repository.config.RepositoryConfigurationDelegate:Bootstrapping Spring Data JPA repositories in DEFAULT mode.
2023-09-05 00:37:28,900 INFO  [restartedMain] org.springframework.data.repository.config.RepositoryConfigurationDelegate:Finished Spring Data repository scanning in 184 ms. Found 15 JPA repository interfaces.
2023-09-05 00:37:30,015 INFO  [restartedMain] org.springframework.boot.web.embedded.tomcat.TomcatWebServer:Tomcat initialized with port(s): 8080 (http)
2023-09-05 00:37:30,049 INFO  [restartedMain] org.apache.catalina.core.StandardService:Starting service [Tomcat]
2023-09-05 00:37:30,050 INFO  [restartedMain] org.apache.catalina.core.StandardEngine:Starting Servlet engine: [Apache Tomcat/9.0.78]
2023-09-05 00:37:30,210 INFO  [restartedMain] org.apache.catalina.core.ContainerBase.[Tomcat].[localhost].[/]:Initializing Spring embedded WebApplicationContext
2023-09-05 00:37:30,212 INFO  [restartedMain] org.springframework.boot.web.servlet.context.ServletWebServerApplicationContext:Root WebApplicationContext: initialization completed in 3818 ms
2023-09-05 00:37:30,726 INFO  [restartedMain] org.hibernate.jpa.internal.util.LogHelper:HHH000204: Processing PersistenceUnitInfo [name: default]
2023-09-05 00:37:30,763 INFO  [restartedMain] org.hibernate.Version:HHH000412: Hibernate ORM core version 5.6.15.Final
2023-09-05 00:37:30,936 INFO  [restartedMain] org.hibernate.annotations.common.Version:HCANN000001: Hibernate Commons Annotations {5.1.2.Final}
2023-09-05 00:37:31,034 INFO  [restartedMain] com.zaxxer.hikari.HikariDataSource:HikariPool-1 - Starting...
2023-09-05 00:37:31,232 INFO  [restartedMain] com.zaxxer.hikari.HikariDataSource:HikariPool-1 - Start completed.
2023-09-05 00:37:31,249 INFO  [restartedMain] org.hibernate.dialect.Dialect:HHH000400: Using dialect: org.hibernate.dialect.PostgreSQLDialect
2023-09-05 00:37:33,070 INFO  [restartedMain] org.hibernate.engine.transaction.jta.platform.internal.JtaPlatformInitiator:HHH000490: Using JtaPlatform implementation: [org.hibernate.engine.transaction.jta.platform.internal.NoJtaPlatform]
2023-09-05 00:37:33,088 INFO  [restartedMain] org.springframework.orm.jpa.LocalContainerEntityManagerFactoryBean:Initialized JPA EntityManagerFactory for persistence unit 'default'
2023-09-05 00:37:34,928 INFO  [restartedMain] org.springframework.security.web.DefaultSecurityFilterChain:Will secure any request with [org.springframework.security.web.session.DisableEncodeUrlFilter@7ee8228d, org.springframework.security.web.context.request.async.WebAsyncManagerIntegrationFilter@787bb96, org.springframework.security.web.context.SecurityContextPersistenceFilter@3c0d6f86, org.springframework.security.web.header.HeaderWriterFilter@143e41d6, org.springframework.security.web.authentication.logout.LogoutFilter@25cd6c8, com.cookerytech.security.jwt.AuthTokenFilter@5f521971, org.springframework.security.web.savedrequest.RequestCacheAwareFilter@976febb, org.springframework.security.web.servletapi.SecurityContextHolderAwareRequestFilter@719a2cab, org.springframework.security.web.authentication.AnonymousAuthenticationFilter@1d4e3765, org.springframework.security.web.session.SessionManagementFilter@ddfa782, org.springframework.security.web.access.ExceptionTranslationFilter@6ecf1574, org.springframework.security.web.access.intercept.FilterSecurityInterceptor@7c90a0d6]
2023-09-05 00:37:35,149 WARN  [restartedMain] org.springframework.boot.autoconfigure.orm.jpa.JpaBaseConfiguration$JpaWebConfiguration:spring.jpa.open-in-view is enabled by default. Therefore, database queries may be performed during view rendering. Explicitly configure spring.jpa.open-in-view to disable this warning
2023-09-05 00:37:36,959 WARN  [restartedMain] org.springframework.security.config.annotation.web.builders.WebSecurity:You are asking Spring Security to ignore Ant [pattern='/v3/api-docs/**']. This is not recommended -- please use permitAll via HttpSecurity#authorizeHttpRequests instead.
2023-09-05 00:37:36,961 INFO  [restartedMain] org.springframework.security.web.DefaultSecurityFilterChain:Will not secure Ant [pattern='/v3/api-docs/**']
2023-09-05 00:37:36,961 WARN  [restartedMain] org.springframework.security.config.annotation.web.builders.WebSecurity:You are asking Spring Security to ignore Ant [pattern='swagger-ui.html']. This is not recommended -- please use permitAll via HttpSecurity#authorizeHttpRequests instead.
2023-09-05 00:37:36,961 INFO  [restartedMain] org.springframework.security.web.DefaultSecurityFilterChain:Will not secure Ant [pattern='swagger-ui.html']
2023-09-05 00:37:36,961 WARN  [restartedMain] org.springframework.security.config.annotation.web.builders.WebSecurity:You are asking Spring Security to ignore Ant [pattern='/swagger-ui/**']. This is not recommended -- please use permitAll via HttpSecurity#authorizeHttpRequests instead.
2023-09-05 00:37:36,961 INFO  [restartedMain] org.springframework.security.web.DefaultSecurityFilterChain:Will not secure Ant [pattern='/swagger-ui/**']
2023-09-05 00:37:36,962 WARN  [restartedMain] org.springframework.security.config.annotation.web.builders.WebSecurity:You are asking Spring Security to ignore Ant [pattern='/']. This is not recommended -- please use permitAll via HttpSecurity#authorizeHttpRequests instead.
2023-09-05 00:37:36,962 INFO  [restartedMain] org.springframework.security.web.DefaultSecurityFilterChain:Will not secure Ant [pattern='/']
2023-09-05 00:37:36,962 WARN  [restartedMain] org.springframework.security.config.annotation.web.builders.WebSecurity:You are asking Spring Security to ignore Ant [pattern='index.html']. This is not recommended -- please use permitAll via HttpSecurity#authorizeHttpRequests instead.
2023-09-05 00:37:36,962 INFO  [restartedMain] org.springframework.security.web.DefaultSecurityFilterChain:Will not secure Ant [pattern='index.html']
2023-09-05 00:37:36,962 WARN  [restartedMain] org.springframework.security.config.annotation.web.builders.WebSecurity:You are asking Spring Security to ignore Ant [pattern='/images/**']. This is not recommended -- please use permitAll via HttpSecurity#authorizeHttpRequests instead.
2023-09-05 00:37:36,962 INFO  [restartedMain] org.springframework.security.web.DefaultSecurityFilterChain:Will not secure Ant [pattern='/images/**']
2023-09-05 00:37:36,962 WARN  [restartedMain] org.springframework.security.config.annotation.web.builders.WebSecurity:You are asking Spring Security to ignore Ant [pattern='/css/**']. This is not recommended -- please use permitAll via HttpSecurity#authorizeHttpRequests instead.
2023-09-05 00:37:36,962 INFO  [restartedMain] org.springframework.security.web.DefaultSecurityFilterChain:Will not secure Ant [pattern='/css/**']
2023-09-05 00:37:36,962 WARN  [restartedMain] org.springframework.security.config.annotation.web.builders.WebSecurity:You are asking Spring Security to ignore Ant [pattern='/js/**']. This is not recommended -- please use permitAll via HttpSecurity#authorizeHttpRequests instead.
2023-09-05 00:37:36,962 INFO  [restartedMain] org.springframework.security.web.DefaultSecurityFilterChain:Will not secure Ant [pattern='/js/**']
2023-09-05 00:37:37,028 INFO  [restartedMain] org.springframework.boot.devtools.autoconfigure.OptionalLiveReloadServer:LiveReload server is running on port 35729
2023-09-05 00:37:37,060 INFO  [restartedMain] org.springframework.boot.actuate.endpoint.web.EndpointLinksResolver:Exposing 14 endpoint(s) beneath base path '/actuator'
2023-09-05 00:37:37,140 INFO  [restartedMain] org.springframework.boot.web.embedded.tomcat.TomcatWebServer:Tomcat started on port(s): 8080 (http) with context path ''
2023-09-05 00:37:37,176 INFO  [restartedMain] com.cookerytech.CookerytechApplication:Started CookerytechApplication in 12.095 seconds (JVM running for 13.111)
2023-09-05 00:38:48,973 INFO  [http-nio-8080-exec-1] org.apache.catalina.core.ContainerBase.[Tomcat].[localhost].[/]:Initializing Spring DispatcherServlet 'dispatcherServlet'
2023-09-05 00:40:02,741 WARN  [HikariPool-1 housekeeper] com.zaxxer.hikari.pool.HikariPool:HikariPool-1 - Thread starvation or clock leap detected (housekeeper delta=1m31s378ms).
2023-09-05 00:40:37,192 INFO  [SpringApplicationShutdownHook] org.springframework.orm.jpa.LocalContainerEntityManagerFactoryBean:Closing JPA EntityManagerFactory for persistence unit 'default'
2023-09-05 00:40:37,210 INFO  [SpringApplicationShutdownHook] com.zaxxer.hikari.HikariDataSource:HikariPool-1 - Shutdown initiated...
2023-09-05 00:40:37,277 INFO  [SpringApplicationShutdownHook] com.zaxxer.hikari.HikariDataSource:HikariPool-1 - Shutdown completed.
2023-09-05 00:54:28,897 INFO  [restartedMain] com.cookerytech.CookerytechApplication:Starting CookerytechApplication using Java 11.0.9 on Atlgan-MacBook-Air.local with PID 12788 (/Users/atilgansahinulasan/IdeaProjects/cookerytech01/target/classes started by atilgansahinulasan in /Users/atilgansahinulasan/IdeaProjects/cookerytech01)
2023-09-05 00:54:28,914 INFO  [restartedMain] com.cookerytech.CookerytechApplication:No active profile set, falling back to 1 default profile: "default"
2023-09-05 00:54:29,126 INFO  [restartedMain] org.springframework.boot.devtools.env.DevToolsPropertyDefaultsPostProcessor:Devtools property defaults active! Set 'spring.devtools.add-properties' to 'false' to disable
2023-09-05 00:54:29,127 INFO  [restartedMain] org.springframework.boot.devtools.env.DevToolsPropertyDefaultsPostProcessor:For additional web related logging consider setting the 'logging.level.web' property to 'DEBUG'
2023-09-05 00:54:31,224 INFO  [restartedMain] org.springframework.data.repository.config.RepositoryConfigurationDelegate:Bootstrapping Spring Data JPA repositories in DEFAULT mode.
2023-09-05 00:54:31,395 INFO  [restartedMain] org.springframework.data.repository.config.RepositoryConfigurationDelegate:Finished Spring Data repository scanning in 164 ms. Found 15 JPA repository interfaces.
2023-09-05 00:54:32,661 INFO  [restartedMain] org.springframework.boot.web.embedded.tomcat.TomcatWebServer:Tomcat initialized with port(s): 8080 (http)
2023-09-05 00:54:32,675 INFO  [restartedMain] org.apache.catalina.core.StandardService:Starting service [Tomcat]
2023-09-05 00:54:32,675 INFO  [restartedMain] org.apache.catalina.core.StandardEngine:Starting Servlet engine: [Apache Tomcat/9.0.78]
2023-09-05 00:54:32,785 INFO  [restartedMain] org.apache.catalina.core.ContainerBase.[Tomcat].[localhost].[/]:Initializing Spring embedded WebApplicationContext
2023-09-05 00:54:32,785 INFO  [restartedMain] org.springframework.boot.web.servlet.context.ServletWebServerApplicationContext:Root WebApplicationContext: initialization completed in 3657 ms
2023-09-05 00:54:33,298 INFO  [restartedMain] org.hibernate.jpa.internal.util.LogHelper:HHH000204: Processing PersistenceUnitInfo [name: default]
2023-09-05 00:54:33,333 INFO  [restartedMain] org.hibernate.Version:HHH000412: Hibernate ORM core version 5.6.15.Final
2023-09-05 00:54:33,496 INFO  [restartedMain] org.hibernate.annotations.common.Version:HCANN000001: Hibernate Commons Annotations {5.1.2.Final}
2023-09-05 00:54:33,591 INFO  [restartedMain] com.zaxxer.hikari.HikariDataSource:HikariPool-1 - Starting...
2023-09-05 00:54:33,769 INFO  [restartedMain] com.zaxxer.hikari.HikariDataSource:HikariPool-1 - Start completed.
2023-09-05 00:54:33,784 INFO  [restartedMain] org.hibernate.dialect.Dialect:HHH000400: Using dialect: org.hibernate.dialect.PostgreSQLDialect
2023-09-05 00:54:35,168 INFO  [restartedMain] org.hibernate.engine.transaction.jta.platform.internal.JtaPlatformInitiator:HHH000490: Using JtaPlatform implementation: [org.hibernate.engine.transaction.jta.platform.internal.NoJtaPlatform]
2023-09-05 00:54:35,178 INFO  [restartedMain] org.springframework.orm.jpa.LocalContainerEntityManagerFactoryBean:Initialized JPA EntityManagerFactory for persistence unit 'default'
2023-09-05 00:54:37,121 INFO  [restartedMain] org.springframework.security.web.DefaultSecurityFilterChain:Will secure any request with [org.springframework.security.web.session.DisableEncodeUrlFilter@10efb4f6, org.springframework.security.web.context.request.async.WebAsyncManagerIntegrationFilter@70055125, org.springframework.security.web.context.SecurityContextPersistenceFilter@2433bad2, org.springframework.security.web.header.HeaderWriterFilter@2e96ac4c, org.springframework.security.web.authentication.logout.LogoutFilter@5d575fff, com.cookerytech.security.jwt.AuthTokenFilter@63eb5aa8, org.springframework.security.web.savedrequest.RequestCacheAwareFilter@70781c2e, org.springframework.security.web.servletapi.SecurityContextHolderAwareRequestFilter@21775da0, org.springframework.security.web.authentication.AnonymousAuthenticationFilter@1bbf95ee, org.springframework.security.web.session.SessionManagementFilter@8499efc, org.springframework.security.web.access.ExceptionTranslationFilter@2394f8c8, org.springframework.security.web.access.intercept.FilterSecurityInterceptor@7b236533]
2023-09-05 00:54:37,317 WARN  [restartedMain] org.springframework.boot.autoconfigure.orm.jpa.JpaBaseConfiguration$JpaWebConfiguration:spring.jpa.open-in-view is enabled by default. Therefore, database queries may be performed during view rendering. Explicitly configure spring.jpa.open-in-view to disable this warning
2023-09-05 00:54:39,175 WARN  [restartedMain] org.springframework.security.config.annotation.web.builders.WebSecurity:You are asking Spring Security to ignore Ant [pattern='/v3/api-docs/**']. This is not recommended -- please use permitAll via HttpSecurity#authorizeHttpRequests instead.
2023-09-05 00:54:39,176 INFO  [restartedMain] org.springframework.security.web.DefaultSecurityFilterChain:Will not secure Ant [pattern='/v3/api-docs/**']
2023-09-05 00:54:39,180 WARN  [restartedMain] org.springframework.security.config.annotation.web.builders.WebSecurity:You are asking Spring Security to ignore Ant [pattern='swagger-ui.html']. This is not recommended -- please use permitAll via HttpSecurity#authorizeHttpRequests instead.
2023-09-05 00:54:39,181 INFO  [restartedMain] org.springframework.security.web.DefaultSecurityFilterChain:Will not secure Ant [pattern='swagger-ui.html']
2023-09-05 00:54:39,185 WARN  [restartedMain] org.springframework.security.config.annotation.web.builders.WebSecurity:You are asking Spring Security to ignore Ant [pattern='/swagger-ui/**']. This is not recommended -- please use permitAll via HttpSecurity#authorizeHttpRequests instead.
2023-09-05 00:54:39,190 INFO  [restartedMain] org.springframework.security.web.DefaultSecurityFilterChain:Will not secure Ant [pattern='/swagger-ui/**']
2023-09-05 00:54:39,191 WARN  [restartedMain] org.springframework.security.config.annotation.web.builders.WebSecurity:You are asking Spring Security to ignore Ant [pattern='/']. This is not recommended -- please use permitAll via HttpSecurity#authorizeHttpRequests instead.
2023-09-05 00:54:39,191 INFO  [restartedMain] org.springframework.security.web.DefaultSecurityFilterChain:Will not secure Ant [pattern='/']
2023-09-05 00:54:39,191 WARN  [restartedMain] org.springframework.security.config.annotation.web.builders.WebSecurity:You are asking Spring Security to ignore Ant [pattern='index.html']. This is not recommended -- please use permitAll via HttpSecurity#authorizeHttpRequests instead.
2023-09-05 00:54:39,191 INFO  [restartedMain] org.springframework.security.web.DefaultSecurityFilterChain:Will not secure Ant [pattern='index.html']
2023-09-05 00:54:39,191 WARN  [restartedMain] org.springframework.security.config.annotation.web.builders.WebSecurity:You are asking Spring Security to ignore Ant [pattern='/images/**']. This is not recommended -- please use permitAll via HttpSecurity#authorizeHttpRequests instead.
2023-09-05 00:54:39,191 INFO  [restartedMain] org.springframework.security.web.DefaultSecurityFilterChain:Will not secure Ant [pattern='/images/**']
2023-09-05 00:54:39,191 WARN  [restartedMain] org.springframework.security.config.annotation.web.builders.WebSecurity:You are asking Spring Security to ignore Ant [pattern='/css/**']. This is not recommended -- please use permitAll via HttpSecurity#authorizeHttpRequests instead.
2023-09-05 00:54:39,191 INFO  [restartedMain] org.springframework.security.web.DefaultSecurityFilterChain:Will not secure Ant [pattern='/css/**']
2023-09-05 00:54:39,191 WARN  [restartedMain] org.springframework.security.config.annotation.web.builders.WebSecurity:You are asking Spring Security to ignore Ant [pattern='/js/**']. This is not recommended -- please use permitAll via HttpSecurity#authorizeHttpRequests instead.
2023-09-05 00:54:39,191 INFO  [restartedMain] org.springframework.security.web.DefaultSecurityFilterChain:Will not secure Ant [pattern='/js/**']
2023-09-05 00:54:39,230 INFO  [restartedMain] org.springframework.boot.devtools.autoconfigure.OptionalLiveReloadServer:LiveReload server is running on port 35729
2023-09-05 00:54:39,238 INFO  [restartedMain] org.springframework.boot.actuate.endpoint.web.EndpointLinksResolver:Exposing 14 endpoint(s) beneath base path '/actuator'
2023-09-05 00:54:39,313 INFO  [restartedMain] org.springframework.boot.web.embedded.tomcat.TomcatWebServer:Tomcat started on port(s): 8080 (http) with context path ''
2023-09-05 00:54:39,350 INFO  [restartedMain] com.cookerytech.CookerytechApplication:Started CookerytechApplication in 11.407 seconds (JVM running for 12.365)
2023-09-05 00:55:33,205 INFO  [http-nio-8080-exec-1] org.apache.catalina.core.ContainerBase.[Tomcat].[localhost].[/]:Initializing Spring DispatcherServlet 'dispatcherServlet'
2023-09-05 00:58:05,522 WARN  [HikariPool-1 housekeeper] com.zaxxer.hikari.pool.HikariPool:HikariPool-1 - Thread starvation or clock leap detected (housekeeper delta=3m1s627ms).
2023-09-05 00:59:46,459 WARN  [HikariPool-1 housekeeper] com.zaxxer.hikari.pool.HikariPool:HikariPool-1 - Thread starvation or clock leap detected (housekeeper delta=1m40s945ms).
2023-09-05 00:59:54,257 INFO  [SpringApplicationShutdownHook] org.springframework.orm.jpa.LocalContainerEntityManagerFactoryBean:Closing JPA EntityManagerFactory for persistence unit 'default'
2023-09-05 00:59:54,279 INFO  [SpringApplicationShutdownHook] com.zaxxer.hikari.HikariDataSource:HikariPool-1 - Shutdown initiated...
2023-09-05 00:59:54,292 INFO  [SpringApplicationShutdownHook] com.zaxxer.hikari.HikariDataSource:HikariPool-1 - Shutdown completed.
2023-09-05 01:00:21,911 INFO  [restartedMain] com.cookerytech.CookerytechApplication:Starting CookerytechApplication using Java 11.0.9 on Atlgan-MacBook-Air.local with PID 13196 (/Users/atilgansahinulasan/IdeaProjects/cookerytech01/target/classes started by atilgansahinulasan in /Users/atilgansahinulasan/IdeaProjects/cookerytech01)
2023-09-05 01:00:21,916 INFO  [restartedMain] com.cookerytech.CookerytechApplication:No active profile set, falling back to 1 default profile: "default"
2023-09-05 01:00:22,032 INFO  [restartedMain] org.springframework.boot.devtools.env.DevToolsPropertyDefaultsPostProcessor:Devtools property defaults active! Set 'spring.devtools.add-properties' to 'false' to disable
2023-09-05 01:00:22,033 INFO  [restartedMain] org.springframework.boot.devtools.env.DevToolsPropertyDefaultsPostProcessor:For additional web related logging consider setting the 'logging.level.web' property to 'DEBUG'
2023-09-05 01:00:24,106 INFO  [restartedMain] org.springframework.data.repository.config.RepositoryConfigurationDelegate:Bootstrapping Spring Data JPA repositories in DEFAULT mode.
2023-09-05 01:00:24,301 INFO  [restartedMain] org.springframework.data.repository.config.RepositoryConfigurationDelegate:Finished Spring Data repository scanning in 186 ms. Found 15 JPA repository interfaces.
2023-09-05 01:00:25,403 INFO  [restartedMain] org.springframework.boot.web.embedded.tomcat.TomcatWebServer:Tomcat initialized with port(s): 8080 (http)
2023-09-05 01:00:25,437 INFO  [restartedMain] org.apache.catalina.core.StandardService:Starting service [Tomcat]
2023-09-05 01:00:25,439 INFO  [restartedMain] org.apache.catalina.core.StandardEngine:Starting Servlet engine: [Apache Tomcat/9.0.78]
2023-09-05 01:00:25,575 INFO  [restartedMain] org.apache.catalina.core.ContainerBase.[Tomcat].[localhost].[/]:Initializing Spring embedded WebApplicationContext
2023-09-05 01:00:25,575 INFO  [restartedMain] org.springframework.boot.web.servlet.context.ServletWebServerApplicationContext:Root WebApplicationContext: initialization completed in 3542 ms
2023-09-05 01:00:26,168 INFO  [restartedMain] org.hibernate.jpa.internal.util.LogHelper:HHH000204: Processing PersistenceUnitInfo [name: default]
2023-09-05 01:00:26,204 INFO  [restartedMain] org.hibernate.Version:HHH000412: Hibernate ORM core version 5.6.15.Final
2023-09-05 01:00:26,324 INFO  [restartedMain] org.hibernate.annotations.common.Version:HCANN000001: Hibernate Commons Annotations {5.1.2.Final}
2023-09-05 01:00:26,415 INFO  [restartedMain] com.zaxxer.hikari.HikariDataSource:HikariPool-1 - Starting...
2023-09-05 01:00:26,582 INFO  [restartedMain] com.zaxxer.hikari.HikariDataSource:HikariPool-1 - Start completed.
2023-09-05 01:00:26,596 INFO  [restartedMain] org.hibernate.dialect.Dialect:HHH000400: Using dialect: org.hibernate.dialect.PostgreSQLDialect
2023-09-05 01:00:28,001 INFO  [restartedMain] org.hibernate.engine.transaction.jta.platform.internal.JtaPlatformInitiator:HHH000490: Using JtaPlatform implementation: [org.hibernate.engine.transaction.jta.platform.internal.NoJtaPlatform]
2023-09-05 01:00:28,010 INFO  [restartedMain] org.springframework.orm.jpa.LocalContainerEntityManagerFactoryBean:Initialized JPA EntityManagerFactory for persistence unit 'default'
2023-09-05 01:00:29,831 INFO  [restartedMain] org.springframework.security.web.DefaultSecurityFilterChain:Will secure any request with [org.springframework.security.web.session.DisableEncodeUrlFilter@2598be00, org.springframework.security.web.context.request.async.WebAsyncManagerIntegrationFilter@687e93c8, org.springframework.security.web.context.SecurityContextPersistenceFilter@3f66f613, org.springframework.security.web.header.HeaderWriterFilter@1f5af99e, org.springframework.security.web.authentication.logout.LogoutFilter@65d147af, com.cookerytech.security.jwt.AuthTokenFilter@5fee8b79, org.springframework.security.web.savedrequest.RequestCacheAwareFilter@2fc7068c, org.springframework.security.web.servletapi.SecurityContextHolderAwareRequestFilter@1d3f893e, org.springframework.security.web.authentication.AnonymousAuthenticationFilter@5e251fba, org.springframework.security.web.session.SessionManagementFilter@68ba3294, org.springframework.security.web.access.ExceptionTranslationFilter@66760e97, org.springframework.security.web.access.intercept.FilterSecurityInterceptor@ff85a69]
2023-09-05 01:00:30,025 WARN  [restartedMain] org.springframework.boot.autoconfigure.orm.jpa.JpaBaseConfiguration$JpaWebConfiguration:spring.jpa.open-in-view is enabled by default. Therefore, database queries may be performed during view rendering. Explicitly configure spring.jpa.open-in-view to disable this warning
2023-09-05 01:00:32,280 WARN  [restartedMain] org.springframework.security.config.annotation.web.builders.WebSecurity:You are asking Spring Security to ignore Ant [pattern='/v3/api-docs/**']. This is not recommended -- please use permitAll via HttpSecurity#authorizeHttpRequests instead.
2023-09-05 01:00:32,282 INFO  [restartedMain] org.springframework.security.web.DefaultSecurityFilterChain:Will not secure Ant [pattern='/v3/api-docs/**']
2023-09-05 01:00:32,283 WARN  [restartedMain] org.springframework.security.config.annotation.web.builders.WebSecurity:You are asking Spring Security to ignore Ant [pattern='swagger-ui.html']. This is not recommended -- please use permitAll via HttpSecurity#authorizeHttpRequests instead.
2023-09-05 01:00:32,284 INFO  [restartedMain] org.springframework.security.web.DefaultSecurityFilterChain:Will not secure Ant [pattern='swagger-ui.html']
2023-09-05 01:00:32,288 WARN  [restartedMain] org.springframework.security.config.annotation.web.builders.WebSecurity:You are asking Spring Security to ignore Ant [pattern='/swagger-ui/**']. This is not recommended -- please use permitAll via HttpSecurity#authorizeHttpRequests instead.
2023-09-05 01:00:32,289 INFO  [restartedMain] org.springframework.security.web.DefaultSecurityFilterChain:Will not secure Ant [pattern='/swagger-ui/**']
2023-09-05 01:00:32,289 WARN  [restartedMain] org.springframework.security.config.annotation.web.builders.WebSecurity:You are asking Spring Security to ignore Ant [pattern='/']. This is not recommended -- please use permitAll via HttpSecurity#authorizeHttpRequests instead.
2023-09-05 01:00:32,289 INFO  [restartedMain] org.springframework.security.web.DefaultSecurityFilterChain:Will not secure Ant [pattern='/']
2023-09-05 01:00:32,289 WARN  [restartedMain] org.springframework.security.config.annotation.web.builders.WebSecurity:You are asking Spring Security to ignore Ant [pattern='index.html']. This is not recommended -- please use permitAll via HttpSecurity#authorizeHttpRequests instead.
2023-09-05 01:00:32,289 INFO  [restartedMain] org.springframework.security.web.DefaultSecurityFilterChain:Will not secure Ant [pattern='index.html']
2023-09-05 01:00:32,289 WARN  [restartedMain] org.springframework.security.config.annotation.web.builders.WebSecurity:You are asking Spring Security to ignore Ant [pattern='/images/**']. This is not recommended -- please use permitAll via HttpSecurity#authorizeHttpRequests instead.
2023-09-05 01:00:32,289 INFO  [restartedMain] org.springframework.security.web.DefaultSecurityFilterChain:Will not secure Ant [pattern='/images/**']
2023-09-05 01:00:32,289 WARN  [restartedMain] org.springframework.security.config.annotation.web.builders.WebSecurity:You are asking Spring Security to ignore Ant [pattern='/css/**']. This is not recommended -- please use permitAll via HttpSecurity#authorizeHttpRequests instead.
2023-09-05 01:00:32,289 INFO  [restartedMain] org.springframework.security.web.DefaultSecurityFilterChain:Will not secure Ant [pattern='/css/**']
2023-09-05 01:00:32,289 WARN  [restartedMain] org.springframework.security.config.annotation.web.builders.WebSecurity:You are asking Spring Security to ignore Ant [pattern='/js/**']. This is not recommended -- please use permitAll via HttpSecurity#authorizeHttpRequests instead.
2023-09-05 01:00:32,289 INFO  [restartedMain] org.springframework.security.web.DefaultSecurityFilterChain:Will not secure Ant [pattern='/js/**']
2023-09-05 01:00:32,335 INFO  [restartedMain] org.springframework.boot.devtools.autoconfigure.OptionalLiveReloadServer:LiveReload server is running on port 35729
2023-09-05 01:00:32,344 INFO  [restartedMain] org.springframework.boot.actuate.endpoint.web.EndpointLinksResolver:Exposing 14 endpoint(s) beneath base path '/actuator'
2023-09-05 01:00:32,424 INFO  [restartedMain] org.springframework.boot.web.embedded.tomcat.TomcatWebServer:Tomcat started on port(s): 8080 (http) with context path ''
2023-09-05 01:00:32,462 INFO  [restartedMain] com.cookerytech.CookerytechApplication:Started CookerytechApplication in 11.558 seconds (JVM running for 12.519)
2023-09-05 01:00:38,123 INFO  [http-nio-8080-exec-1] org.apache.catalina.core.ContainerBase.[Tomcat].[localhost].[/]:Initializing Spring DispatcherServlet 'dispatcherServlet'
2023-09-05 01:01:24,510 INFO  [SpringApplicationShutdownHook] org.springframework.orm.jpa.LocalContainerEntityManagerFactoryBean:Closing JPA EntityManagerFactory for persistence unit 'default'
2023-09-05 01:01:24,538 INFO  [SpringApplicationShutdownHook] com.zaxxer.hikari.HikariDataSource:HikariPool-1 - Shutdown initiated...
2023-09-05 01:01:24,550 INFO  [SpringApplicationShutdownHook] com.zaxxer.hikari.HikariDataSource:HikariPool-1 - Shutdown completed.
2023-09-05 21:48:14,869 INFO  [restartedMain] com.cookerytech.CookerytechApplication:Starting CookerytechApplication using Java 11.0.9 on Atlgan-MacBook-Air.local with PID 5140 (/Users/atilgansahinulasan/IdeaProjects/cookerytech01/target/classes started by atilgansahinulasan in /Users/atilgansahinulasan/IdeaProjects/cookerytech01)
2023-09-05 21:48:14,872 INFO  [restartedMain] com.cookerytech.CookerytechApplication:No active profile set, falling back to 1 default profile: "default"
2023-09-05 21:48:14,970 INFO  [restartedMain] org.springframework.boot.devtools.env.DevToolsPropertyDefaultsPostProcessor:Devtools property defaults active! Set 'spring.devtools.add-properties' to 'false' to disable
2023-09-05 21:48:14,971 INFO  [restartedMain] org.springframework.boot.devtools.env.DevToolsPropertyDefaultsPostProcessor:For additional web related logging consider setting the 'logging.level.web' property to 'DEBUG'
2023-09-05 21:48:16,905 INFO  [restartedMain] org.springframework.data.repository.config.RepositoryConfigurationDelegate:Bootstrapping Spring Data JPA repositories in DEFAULT mode.
2023-09-05 21:48:17,064 INFO  [restartedMain] org.springframework.data.repository.config.RepositoryConfigurationDelegate:Finished Spring Data repository scanning in 152 ms. Found 15 JPA repository interfaces.
2023-09-05 21:48:17,987 INFO  [restartedMain] org.springframework.boot.web.embedded.tomcat.TomcatWebServer:Tomcat initialized with port(s): 8080 (http)
2023-09-05 21:48:17,996 INFO  [restartedMain] org.apache.catalina.core.StandardService:Starting service [Tomcat]
2023-09-05 21:48:17,997 INFO  [restartedMain] org.apache.catalina.core.StandardEngine:Starting Servlet engine: [Apache Tomcat/9.0.78]
2023-09-05 21:48:18,078 INFO  [restartedMain] org.apache.catalina.core.ContainerBase.[Tomcat].[localhost].[/]:Initializing Spring embedded WebApplicationContext
2023-09-05 21:48:18,078 INFO  [restartedMain] org.springframework.boot.web.servlet.context.ServletWebServerApplicationContext:Root WebApplicationContext: initialization completed in 3106 ms
2023-09-05 21:48:18,619 INFO  [restartedMain] org.hibernate.jpa.internal.util.LogHelper:HHH000204: Processing PersistenceUnitInfo [name: default]
2023-09-05 21:48:18,651 INFO  [restartedMain] org.hibernate.Version:HHH000412: Hibernate ORM core version 5.6.15.Final
2023-09-05 21:48:18,773 INFO  [restartedMain] org.hibernate.annotations.common.Version:HCANN000001: Hibernate Commons Annotations {5.1.2.Final}
2023-09-05 21:48:18,883 INFO  [restartedMain] com.zaxxer.hikari.HikariDataSource:HikariPool-1 - Starting...
2023-09-05 21:48:19,108 INFO  [restartedMain] com.zaxxer.hikari.HikariDataSource:HikariPool-1 - Start completed.
2023-09-05 21:48:19,124 INFO  [restartedMain] org.hibernate.dialect.Dialect:HHH000400: Using dialect: org.hibernate.dialect.PostgreSQLDialect
2023-09-05 21:48:20,646 INFO  [restartedMain] org.hibernate.engine.transaction.jta.platform.internal.JtaPlatformInitiator:HHH000490: Using JtaPlatform implementation: [org.hibernate.engine.transaction.jta.platform.internal.NoJtaPlatform]
2023-09-05 21:48:20,658 INFO  [restartedMain] org.springframework.orm.jpa.LocalContainerEntityManagerFactoryBean:Initialized JPA EntityManagerFactory for persistence unit 'default'
2023-09-05 21:48:22,419 INFO  [restartedMain] org.springframework.security.web.DefaultSecurityFilterChain:Will secure any request with [org.springframework.security.web.session.DisableEncodeUrlFilter@1786505a, org.springframework.security.web.context.request.async.WebAsyncManagerIntegrationFilter@1f9b460e, org.springframework.security.web.context.SecurityContextPersistenceFilter@211eecb9, org.springframework.security.web.header.HeaderWriterFilter@4f40ecc, org.springframework.security.web.authentication.logout.LogoutFilter@6ab7ff5f, com.cookerytech.security.jwt.AuthTokenFilter@26a6d900, org.springframework.security.web.savedrequest.RequestCacheAwareFilter@4681fe0a, org.springframework.security.web.servletapi.SecurityContextHolderAwareRequestFilter@68ad3e63, org.springframework.security.web.authentication.AnonymousAuthenticationFilter@5382d941, org.springframework.security.web.session.SessionManagementFilter@7d7b86b5, org.springframework.security.web.access.ExceptionTranslationFilter@2c9ef9eb, org.springframework.security.web.access.intercept.FilterSecurityInterceptor@495829a5]
2023-09-05 21:48:22,578 WARN  [restartedMain] org.springframework.boot.autoconfigure.orm.jpa.JpaBaseConfiguration$JpaWebConfiguration:spring.jpa.open-in-view is enabled by default. Therefore, database queries may be performed during view rendering. Explicitly configure spring.jpa.open-in-view to disable this warning
2023-09-05 21:48:24,241 WARN  [restartedMain] org.springframework.security.config.annotation.web.builders.WebSecurity:You are asking Spring Security to ignore Ant [pattern='/v3/api-docs/**']. This is not recommended -- please use permitAll via HttpSecurity#authorizeHttpRequests instead.
2023-09-05 21:48:24,242 INFO  [restartedMain] org.springframework.security.web.DefaultSecurityFilterChain:Will not secure Ant [pattern='/v3/api-docs/**']
2023-09-05 21:48:24,242 WARN  [restartedMain] org.springframework.security.config.annotation.web.builders.WebSecurity:You are asking Spring Security to ignore Ant [pattern='swagger-ui.html']. This is not recommended -- please use permitAll via HttpSecurity#authorizeHttpRequests instead.
2023-09-05 21:48:24,242 INFO  [restartedMain] org.springframework.security.web.DefaultSecurityFilterChain:Will not secure Ant [pattern='swagger-ui.html']
2023-09-05 21:48:24,242 WARN  [restartedMain] org.springframework.security.config.annotation.web.builders.WebSecurity:You are asking Spring Security to ignore Ant [pattern='/swagger-ui/**']. This is not recommended -- please use permitAll via HttpSecurity#authorizeHttpRequests instead.
2023-09-05 21:48:24,242 INFO  [restartedMain] org.springframework.security.web.DefaultSecurityFilterChain:Will not secure Ant [pattern='/swagger-ui/**']
2023-09-05 21:48:24,242 WARN  [restartedMain] org.springframework.security.config.annotation.web.builders.WebSecurity:You are asking Spring Security to ignore Ant [pattern='/']. This is not recommended -- please use permitAll via HttpSecurity#authorizeHttpRequests instead.
2023-09-05 21:48:24,242 INFO  [restartedMain] org.springframework.security.web.DefaultSecurityFilterChain:Will not secure Ant [pattern='/']
2023-09-05 21:48:24,242 WARN  [restartedMain] org.springframework.security.config.annotation.web.builders.WebSecurity:You are asking Spring Security to ignore Ant [pattern='index.html']. This is not recommended -- please use permitAll via HttpSecurity#authorizeHttpRequests instead.
2023-09-05 21:48:24,242 INFO  [restartedMain] org.springframework.security.web.DefaultSecurityFilterChain:Will not secure Ant [pattern='index.html']
2023-09-05 21:48:24,243 WARN  [restartedMain] org.springframework.security.config.annotation.web.builders.WebSecurity:You are asking Spring Security to ignore Ant [pattern='/images/**']. This is not recommended -- please use permitAll via HttpSecurity#authorizeHttpRequests instead.
2023-09-05 21:48:24,243 INFO  [restartedMain] org.springframework.security.web.DefaultSecurityFilterChain:Will not secure Ant [pattern='/images/**']
2023-09-05 21:48:24,243 WARN  [restartedMain] org.springframework.security.config.annotation.web.builders.WebSecurity:You are asking Spring Security to ignore Ant [pattern='/css/**']. This is not recommended -- please use permitAll via HttpSecurity#authorizeHttpRequests instead.
2023-09-05 21:48:24,243 INFO  [restartedMain] org.springframework.security.web.DefaultSecurityFilterChain:Will not secure Ant [pattern='/css/**']
2023-09-05 21:48:24,243 WARN  [restartedMain] org.springframework.security.config.annotation.web.builders.WebSecurity:You are asking Spring Security to ignore Ant [pattern='/js/**']. This is not recommended -- please use permitAll via HttpSecurity#authorizeHttpRequests instead.
2023-09-05 21:48:24,243 INFO  [restartedMain] org.springframework.security.web.DefaultSecurityFilterChain:Will not secure Ant [pattern='/js/**']
2023-09-05 21:48:24,275 INFO  [restartedMain] org.springframework.boot.devtools.autoconfigure.OptionalLiveReloadServer:LiveReload server is running on port 35729
2023-09-05 21:48:24,287 INFO  [restartedMain] org.springframework.boot.actuate.endpoint.web.EndpointLinksResolver:Exposing 14 endpoint(s) beneath base path '/actuator'
2023-09-05 21:48:24,344 INFO  [restartedMain] org.springframework.boot.web.embedded.tomcat.TomcatWebServer:Tomcat started on port(s): 8080 (http) with context path ''
2023-09-05 21:48:24,373 INFO  [restartedMain] com.cookerytech.CookerytechApplication:Started CookerytechApplication in 10.326 seconds (JVM running for 11.139)
2023-09-05 21:48:45,139 INFO  [http-nio-8080-exec-5] org.apache.catalina.core.ContainerBase.[Tomcat].[localhost].[/]:Initializing Spring DispatcherServlet 'dispatcherServlet'
2023-09-05 21:50:29,565 ERROR [http-nio-8080-exec-4] org.apache.catalina.core.ContainerBase.[Tomcat].[localhost].[/].[dispatcherServlet]:Servlet.service() for servlet [dispatcherServlet] in context with path [] threw exception [Request processing failed; nested exception is javax.validation.UnexpectedTypeException: HV000030: No validator could be found for constraint 'javax.validation.constraints.NotBlank' validating type 'java.time.LocalDate'. Check configuration for 'birthDate'] with root cause
javax.validation.UnexpectedTypeException: HV000030: No validator could be found for constraint 'javax.validation.constraints.NotBlank' validating type 'java.time.LocalDate'. Check configuration for 'birthDate'
	at org.hibernate.validator.internal.engine.constraintvalidation.ConstraintTree.getExceptionForNullValidator(ConstraintTree.java:116)
	at org.hibernate.validator.internal.engine.constraintvalidation.ConstraintTree.getInitializedConstraintValidator(ConstraintTree.java:162)
	at org.hibernate.validator.internal.engine.constraintvalidation.SimpleConstraintTree.validateConstraints(SimpleConstraintTree.java:54)
	at org.hibernate.validator.internal.engine.constraintvalidation.ConstraintTree.validateConstraints(ConstraintTree.java:75)
	at org.hibernate.validator.internal.metadata.core.MetaConstraint.doValidateConstraint(MetaConstraint.java:130)
	at org.hibernate.validator.internal.metadata.core.MetaConstraint.validateConstraint(MetaConstraint.java:123)
	at org.hibernate.validator.internal.engine.ValidatorImpl.validateMetaConstraint(ValidatorImpl.java:555)
	at org.hibernate.validator.internal.engine.ValidatorImpl.validateConstraintsForSingleDefaultGroupElement(ValidatorImpl.java:518)
	at org.hibernate.validator.internal.engine.ValidatorImpl.validateConstraintsForDefaultGroup(ValidatorImpl.java:488)
	at org.hibernate.validator.internal.engine.ValidatorImpl.validateConstraintsForCurrentGroup(ValidatorImpl.java:450)
	at org.hibernate.validator.internal.engine.ValidatorImpl.validateInContext(ValidatorImpl.java:400)
	at org.hibernate.validator.internal.engine.ValidatorImpl.validate(ValidatorImpl.java:172)
	at org.springframework.validation.beanvalidation.SpringValidatorAdapter.validate(SpringValidatorAdapter.java:109)
	at org.springframework.boot.autoconfigure.validation.ValidatorAdapter.validate(ValidatorAdapter.java:66)
	at org.springframework.validation.DataBinder.validate(DataBinder.java:933)
	at org.springframework.web.servlet.mvc.method.annotation.AbstractMessageConverterMethodArgumentResolver.validateIfApplicable(AbstractMessageConverterMethodArgumentResolver.java:250)
	at org.springframework.web.servlet.mvc.method.annotation.RequestResponseBodyMethodProcessor.resolveArgument(RequestResponseBodyMethodProcessor.java:139)
	at org.springframework.web.method.support.HandlerMethodArgumentResolverComposite.resolveArgument(HandlerMethodArgumentResolverComposite.java:122)
	at org.springframework.web.method.support.InvocableHandlerMethod.getMethodArgumentValues(InvocableHandlerMethod.java:179)
	at org.springframework.web.method.support.InvocableHandlerMethod.invokeForRequest(InvocableHandlerMethod.java:146)
	at org.springframework.web.servlet.mvc.method.annotation.ServletInvocableHandlerMethod.invokeAndHandle(ServletInvocableHandlerMethod.java:117)
	at org.springframework.web.servlet.mvc.method.annotation.RequestMappingHandlerAdapter.invokeHandlerMethod(RequestMappingHandlerAdapter.java:895)
	at org.springframework.web.servlet.mvc.method.annotation.RequestMappingHandlerAdapter.handleInternal(RequestMappingHandlerAdapter.java:808)
	at org.springframework.web.servlet.mvc.method.AbstractHandlerMethodAdapter.handle(AbstractHandlerMethodAdapter.java:87)
	at org.springframework.web.servlet.DispatcherServlet.doDispatch(DispatcherServlet.java:1072)
	at org.springframework.web.servlet.DispatcherServlet.doService(DispatcherServlet.java:965)
	at org.springframework.web.servlet.FrameworkServlet.processRequest(FrameworkServlet.java:1006)
	at org.springframework.web.servlet.FrameworkServlet.doPut(FrameworkServlet.java:920)
	at javax.servlet.http.HttpServlet.service(HttpServlet.java:558)
	at org.springframework.web.servlet.FrameworkServlet.service(FrameworkServlet.java:883)
	at javax.servlet.http.HttpServlet.service(HttpServlet.java:623)
	at org.apache.catalina.core.ApplicationFilterChain.internalDoFilter(ApplicationFilterChain.java:209)
	at org.apache.catalina.core.ApplicationFilterChain.doFilter(ApplicationFilterChain.java:153)
	at org.apache.tomcat.websocket.server.WsFilter.doFilter(WsFilter.java:51)
	at org.apache.catalina.core.ApplicationFilterChain.internalDoFilter(ApplicationFilterChain.java:178)
	at org.apache.catalina.core.ApplicationFilterChain.doFilter(ApplicationFilterChain.java:153)
	at org.springframework.web.filter.OncePerRequestFilter.doFilter(OncePerRequestFilter.java:111)
	at org.apache.catalina.core.ApplicationFilterChain.internalDoFilter(ApplicationFilterChain.java:178)
	at org.apache.catalina.core.ApplicationFilterChain.doFilter(ApplicationFilterChain.java:153)
	at org.springframework.security.web.FilterChainProxy$VirtualFilterChain.doFilter(FilterChainProxy.java:337)
	at org.springframework.security.web.access.intercept.FilterSecurityInterceptor.invoke(FilterSecurityInterceptor.java:115)
	at org.springframework.security.web.access.intercept.FilterSecurityInterceptor.doFilter(FilterSecurityInterceptor.java:81)
	at org.springframework.security.web.FilterChainProxy$VirtualFilterChain.doFilter(FilterChainProxy.java:346)
	at org.springframework.security.web.access.ExceptionTranslationFilter.doFilter(ExceptionTranslationFilter.java:122)
	at org.springframework.security.web.access.ExceptionTranslationFilter.doFilter(ExceptionTranslationFilter.java:116)
	at org.springframework.security.web.FilterChainProxy$VirtualFilterChain.doFilter(FilterChainProxy.java:346)
	at org.springframework.security.web.session.SessionManagementFilter.doFilter(SessionManagementFilter.java:126)
	at org.springframework.security.web.session.SessionManagementFilter.doFilter(SessionManagementFilter.java:81)
	at org.springframework.security.web.FilterChainProxy$VirtualFilterChain.doFilter(FilterChainProxy.java:346)
	at org.springframework.security.web.authentication.AnonymousAuthenticationFilter.doFilter(AnonymousAuthenticationFilter.java:109)
	at org.springframework.security.web.FilterChainProxy$VirtualFilterChain.doFilter(FilterChainProxy.java:346)
	at org.springframework.security.web.servletapi.SecurityContextHolderAwareRequestFilter.doFilter(SecurityContextHolderAwareRequestFilter.java:149)
	at org.springframework.security.web.FilterChainProxy$VirtualFilterChain.doFilter(FilterChainProxy.java:346)
	at org.springframework.security.web.savedrequest.RequestCacheAwareFilter.doFilter(RequestCacheAwareFilter.java:63)
	at org.springframework.security.web.FilterChainProxy$VirtualFilterChain.doFilter(FilterChainProxy.java:346)
	at com.cookerytech.security.jwt.AuthTokenFilter.doFilterInternal(AuthTokenFilter.java:49)
	at org.springframework.web.filter.OncePerRequestFilter.doFilter(OncePerRequestFilter.java:117)
	at org.springframework.security.web.FilterChainProxy$VirtualFilterChain.doFilter(FilterChainProxy.java:346)
	at org.springframework.security.web.authentication.logout.LogoutFilter.doFilter(LogoutFilter.java:103)
	at org.springframework.security.web.authentication.logout.LogoutFilter.doFilter(LogoutFilter.java:89)
	at org.springframework.security.web.FilterChainProxy$VirtualFilterChain.doFilter(FilterChainProxy.java:346)
	at org.springframework.security.web.header.HeaderWriterFilter.doHeadersAfter(HeaderWriterFilter.java:90)
	at org.springframework.security.web.header.HeaderWriterFilter.doFilterInternal(HeaderWriterFilter.java:75)
	at org.springframework.web.filter.OncePerRequestFilter.doFilter(OncePerRequestFilter.java:117)
	at org.springframework.security.web.FilterChainProxy$VirtualFilterChain.doFilter(FilterChainProxy.java:346)
	at org.springframework.security.web.context.SecurityContextPersistenceFilter.doFilter(SecurityContextPersistenceFilter.java:112)
	at org.springframework.security.web.context.SecurityContextPersistenceFilter.doFilter(SecurityContextPersistenceFilter.java:82)
	at org.springframework.security.web.FilterChainProxy$VirtualFilterChain.doFilter(FilterChainProxy.java:346)
	at org.springframework.security.web.context.request.async.WebAsyncManagerIntegrationFilter.doFilterInternal(WebAsyncManagerIntegrationFilter.java:55)
	at org.springframework.web.filter.OncePerRequestFilter.doFilter(OncePerRequestFilter.java:117)
	at org.springframework.security.web.FilterChainProxy$VirtualFilterChain.doFilter(FilterChainProxy.java:346)
	at org.springframework.security.web.session.DisableEncodeUrlFilter.doFilterInternal(DisableEncodeUrlFilter.java:42)
	at org.springframework.web.filter.OncePerRequestFilter.doFilter(OncePerRequestFilter.java:117)
	at org.springframework.security.web.FilterChainProxy$VirtualFilterChain.doFilter(FilterChainProxy.java:346)
	at org.springframework.security.web.FilterChainProxy.doFilterInternal(FilterChainProxy.java:221)
	at org.springframework.security.web.FilterChainProxy.doFilter(FilterChainProxy.java:186)
	at org.springframework.web.filter.DelegatingFilterProxy.invokeDelegate(DelegatingFilterProxy.java:354)
	at org.springframework.web.filter.DelegatingFilterProxy.doFilter(DelegatingFilterProxy.java:267)
	at org.apache.catalina.core.ApplicationFilterChain.internalDoFilter(ApplicationFilterChain.java:178)
	at org.apache.catalina.core.ApplicationFilterChain.doFilter(ApplicationFilterChain.java:153)
	at org.springframework.web.filter.RequestContextFilter.doFilterInternal(RequestContextFilter.java:100)
	at org.springframework.web.filter.OncePerRequestFilter.doFilter(OncePerRequestFilter.java:117)
	at org.apache.catalina.core.ApplicationFilterChain.internalDoFilter(ApplicationFilterChain.java:178)
	at org.apache.catalina.core.ApplicationFilterChain.doFilter(ApplicationFilterChain.java:153)
	at org.springframework.web.filter.FormContentFilter.doFilterInternal(FormContentFilter.java:93)
	at org.springframework.web.filter.OncePerRequestFilter.doFilter(OncePerRequestFilter.java:117)
	at org.apache.catalina.core.ApplicationFilterChain.internalDoFilter(ApplicationFilterChain.java:178)
	at org.apache.catalina.core.ApplicationFilterChain.doFilter(ApplicationFilterChain.java:153)
	at org.springframework.boot.actuate.metrics.web.servlet.WebMvcMetricsFilter.doFilterInternal(WebMvcMetricsFilter.java:96)
	at org.springframework.web.filter.OncePerRequestFilter.doFilter(OncePerRequestFilter.java:117)
	at org.apache.catalina.core.ApplicationFilterChain.internalDoFilter(ApplicationFilterChain.java:178)
	at org.apache.catalina.core.ApplicationFilterChain.doFilter(ApplicationFilterChain.java:153)
	at org.springframework.web.filter.CharacterEncodingFilter.doFilterInternal(CharacterEncodingFilter.java:201)
	at org.springframework.web.filter.OncePerRequestFilter.doFilter(OncePerRequestFilter.java:117)
	at org.apache.catalina.core.ApplicationFilterChain.internalDoFilter(ApplicationFilterChain.java:178)
	at org.apache.catalina.core.ApplicationFilterChain.doFilter(ApplicationFilterChain.java:153)
	at org.apache.catalina.core.StandardWrapperValve.invoke(StandardWrapperValve.java:167)
	at org.apache.catalina.core.StandardContextValve.invoke(StandardContextValve.java:90)
	at org.apache.catalina.authenticator.AuthenticatorBase.invoke(AuthenticatorBase.java:481)
	at org.apache.catalina.core.StandardHostValve.invoke(StandardHostValve.java:130)
	at org.apache.catalina.valves.ErrorReportValve.invoke(ErrorReportValve.java:93)
	at org.apache.catalina.core.StandardEngineValve.invoke(StandardEngineValve.java:74)
	at org.apache.catalina.connector.CoyoteAdapter.service(CoyoteAdapter.java:343)
	at org.apache.coyote.http11.Http11Processor.service(Http11Processor.java:390)
	at org.apache.coyote.AbstractProcessorLight.process(AbstractProcessorLight.java:63)
	at org.apache.coyote.AbstractProtocol$ConnectionHandler.process(AbstractProtocol.java:926)
	at org.apache.tomcat.util.net.NioEndpoint$SocketProcessor.doRun(NioEndpoint.java:1791)
	at org.apache.tomcat.util.net.SocketProcessorBase.run(SocketProcessorBase.java:52)
	at org.apache.tomcat.util.threads.ThreadPoolExecutor.runWorker(ThreadPoolExecutor.java:1191)
	at org.apache.tomcat.util.threads.ThreadPoolExecutor$Worker.run(ThreadPoolExecutor.java:659)
	at org.apache.tomcat.util.threads.TaskThread$WrappingRunnable.run(TaskThread.java:61)
	at java.base/java.lang.Thread.run(Thread.java:834)
2023-09-05 21:53:35,837 ERROR [http-nio-8080-exec-9] org.apache.catalina.core.ContainerBase.[Tomcat].[localhost].[/].[dispatcherServlet]:Servlet.service() for servlet [dispatcherServlet] in context with path [] threw exception [Request processing failed; nested exception is javax.validation.UnexpectedTypeException: HV000030: No validator could be found for constraint 'javax.validation.constraints.NotBlank' validating type 'java.time.LocalDate'. Check configuration for 'birthDate'] with root cause
javax.validation.UnexpectedTypeException: HV000030: No validator could be found for constraint 'javax.validation.constraints.NotBlank' validating type 'java.time.LocalDate'. Check configuration for 'birthDate'
	at org.hibernate.validator.internal.engine.constraintvalidation.ConstraintTree.getExceptionForNullValidator(ConstraintTree.java:116)
	at org.hibernate.validator.internal.engine.constraintvalidation.ConstraintTree.getInitializedConstraintValidator(ConstraintTree.java:162)
	at org.hibernate.validator.internal.engine.constraintvalidation.SimpleConstraintTree.validateConstraints(SimpleConstraintTree.java:54)
	at org.hibernate.validator.internal.engine.constraintvalidation.ConstraintTree.validateConstraints(ConstraintTree.java:75)
	at org.hibernate.validator.internal.metadata.core.MetaConstraint.doValidateConstraint(MetaConstraint.java:130)
	at org.hibernate.validator.internal.metadata.core.MetaConstraint.validateConstraint(MetaConstraint.java:123)
	at org.hibernate.validator.internal.engine.ValidatorImpl.validateMetaConstraint(ValidatorImpl.java:555)
	at org.hibernate.validator.internal.engine.ValidatorImpl.validateConstraintsForSingleDefaultGroupElement(ValidatorImpl.java:518)
	at org.hibernate.validator.internal.engine.ValidatorImpl.validateConstraintsForDefaultGroup(ValidatorImpl.java:488)
	at org.hibernate.validator.internal.engine.ValidatorImpl.validateConstraintsForCurrentGroup(ValidatorImpl.java:450)
	at org.hibernate.validator.internal.engine.ValidatorImpl.validateInContext(ValidatorImpl.java:400)
	at org.hibernate.validator.internal.engine.ValidatorImpl.validate(ValidatorImpl.java:172)
	at org.springframework.validation.beanvalidation.SpringValidatorAdapter.validate(SpringValidatorAdapter.java:109)
	at org.springframework.boot.autoconfigure.validation.ValidatorAdapter.validate(ValidatorAdapter.java:66)
	at org.springframework.validation.DataBinder.validate(DataBinder.java:933)
	at org.springframework.web.servlet.mvc.method.annotation.AbstractMessageConverterMethodArgumentResolver.validateIfApplicable(AbstractMessageConverterMethodArgumentResolver.java:250)
	at org.springframework.web.servlet.mvc.method.annotation.RequestResponseBodyMethodProcessor.resolveArgument(RequestResponseBodyMethodProcessor.java:139)
	at org.springframework.web.method.support.HandlerMethodArgumentResolverComposite.resolveArgument(HandlerMethodArgumentResolverComposite.java:122)
	at org.springframework.web.method.support.InvocableHandlerMethod.getMethodArgumentValues(InvocableHandlerMethod.java:179)
	at org.springframework.web.method.support.InvocableHandlerMethod.invokeForRequest(InvocableHandlerMethod.java:146)
	at org.springframework.web.servlet.mvc.method.annotation.ServletInvocableHandlerMethod.invokeAndHandle(ServletInvocableHandlerMethod.java:117)
	at org.springframework.web.servlet.mvc.method.annotation.RequestMappingHandlerAdapter.invokeHandlerMethod(RequestMappingHandlerAdapter.java:895)
	at org.springframework.web.servlet.mvc.method.annotation.RequestMappingHandlerAdapter.handleInternal(RequestMappingHandlerAdapter.java:808)
	at org.springframework.web.servlet.mvc.method.AbstractHandlerMethodAdapter.handle(AbstractHandlerMethodAdapter.java:87)
	at org.springframework.web.servlet.DispatcherServlet.doDispatch(DispatcherServlet.java:1072)
	at org.springframework.web.servlet.DispatcherServlet.doService(DispatcherServlet.java:965)
	at org.springframework.web.servlet.FrameworkServlet.processRequest(FrameworkServlet.java:1006)
	at org.springframework.web.servlet.FrameworkServlet.doPut(FrameworkServlet.java:920)
	at javax.servlet.http.HttpServlet.service(HttpServlet.java:558)
	at org.springframework.web.servlet.FrameworkServlet.service(FrameworkServlet.java:883)
	at javax.servlet.http.HttpServlet.service(HttpServlet.java:623)
	at org.apache.catalina.core.ApplicationFilterChain.internalDoFilter(ApplicationFilterChain.java:209)
	at org.apache.catalina.core.ApplicationFilterChain.doFilter(ApplicationFilterChain.java:153)
	at org.apache.tomcat.websocket.server.WsFilter.doFilter(WsFilter.java:51)
	at org.apache.catalina.core.ApplicationFilterChain.internalDoFilter(ApplicationFilterChain.java:178)
	at org.apache.catalina.core.ApplicationFilterChain.doFilter(ApplicationFilterChain.java:153)
	at org.springframework.web.filter.OncePerRequestFilter.doFilter(OncePerRequestFilter.java:111)
	at org.apache.catalina.core.ApplicationFilterChain.internalDoFilter(ApplicationFilterChain.java:178)
	at org.apache.catalina.core.ApplicationFilterChain.doFilter(ApplicationFilterChain.java:153)
	at org.springframework.security.web.FilterChainProxy$VirtualFilterChain.doFilter(FilterChainProxy.java:337)
	at org.springframework.security.web.access.intercept.FilterSecurityInterceptor.invoke(FilterSecurityInterceptor.java:115)
	at org.springframework.security.web.access.intercept.FilterSecurityInterceptor.doFilter(FilterSecurityInterceptor.java:81)
	at org.springframework.security.web.FilterChainProxy$VirtualFilterChain.doFilter(FilterChainProxy.java:346)
	at org.springframework.security.web.access.ExceptionTranslationFilter.doFilter(ExceptionTranslationFilter.java:122)
	at org.springframework.security.web.access.ExceptionTranslationFilter.doFilter(ExceptionTranslationFilter.java:116)
	at org.springframework.security.web.FilterChainProxy$VirtualFilterChain.doFilter(FilterChainProxy.java:346)
	at org.springframework.security.web.session.SessionManagementFilter.doFilter(SessionManagementFilter.java:126)
	at org.springframework.security.web.session.SessionManagementFilter.doFilter(SessionManagementFilter.java:81)
	at org.springframework.security.web.FilterChainProxy$VirtualFilterChain.doFilter(FilterChainProxy.java:346)
	at org.springframework.security.web.authentication.AnonymousAuthenticationFilter.doFilter(AnonymousAuthenticationFilter.java:109)
	at org.springframework.security.web.FilterChainProxy$VirtualFilterChain.doFilter(FilterChainProxy.java:346)
	at org.springframework.security.web.servletapi.SecurityContextHolderAwareRequestFilter.doFilter(SecurityContextHolderAwareRequestFilter.java:149)
	at org.springframework.security.web.FilterChainProxy$VirtualFilterChain.doFilter(FilterChainProxy.java:346)
	at org.springframework.security.web.savedrequest.RequestCacheAwareFilter.doFilter(RequestCacheAwareFilter.java:63)
	at org.springframework.security.web.FilterChainProxy$VirtualFilterChain.doFilter(FilterChainProxy.java:346)
	at com.cookerytech.security.jwt.AuthTokenFilter.doFilterInternal(AuthTokenFilter.java:49)
	at org.springframework.web.filter.OncePerRequestFilter.doFilter(OncePerRequestFilter.java:117)
	at org.springframework.security.web.FilterChainProxy$VirtualFilterChain.doFilter(FilterChainProxy.java:346)
	at org.springframework.security.web.authentication.logout.LogoutFilter.doFilter(LogoutFilter.java:103)
	at org.springframework.security.web.authentication.logout.LogoutFilter.doFilter(LogoutFilter.java:89)
	at org.springframework.security.web.FilterChainProxy$VirtualFilterChain.doFilter(FilterChainProxy.java:346)
	at org.springframework.security.web.header.HeaderWriterFilter.doHeadersAfter(HeaderWriterFilter.java:90)
	at org.springframework.security.web.header.HeaderWriterFilter.doFilterInternal(HeaderWriterFilter.java:75)
	at org.springframework.web.filter.OncePerRequestFilter.doFilter(OncePerRequestFilter.java:117)
	at org.springframework.security.web.FilterChainProxy$VirtualFilterChain.doFilter(FilterChainProxy.java:346)
	at org.springframework.security.web.context.SecurityContextPersistenceFilter.doFilter(SecurityContextPersistenceFilter.java:112)
	at org.springframework.security.web.context.SecurityContextPersistenceFilter.doFilter(SecurityContextPersistenceFilter.java:82)
	at org.springframework.security.web.FilterChainProxy$VirtualFilterChain.doFilter(FilterChainProxy.java:346)
	at org.springframework.security.web.context.request.async.WebAsyncManagerIntegrationFilter.doFilterInternal(WebAsyncManagerIntegrationFilter.java:55)
	at org.springframework.web.filter.OncePerRequestFilter.doFilter(OncePerRequestFilter.java:117)
	at org.springframework.security.web.FilterChainProxy$VirtualFilterChain.doFilter(FilterChainProxy.java:346)
	at org.springframework.security.web.session.DisableEncodeUrlFilter.doFilterInternal(DisableEncodeUrlFilter.java:42)
	at org.springframework.web.filter.OncePerRequestFilter.doFilter(OncePerRequestFilter.java:117)
	at org.springframework.security.web.FilterChainProxy$VirtualFilterChain.doFilter(FilterChainProxy.java:346)
	at org.springframework.security.web.FilterChainProxy.doFilterInternal(FilterChainProxy.java:221)
	at org.springframework.security.web.FilterChainProxy.doFilter(FilterChainProxy.java:186)
	at org.springframework.web.filter.DelegatingFilterProxy.invokeDelegate(DelegatingFilterProxy.java:354)
	at org.springframework.web.filter.DelegatingFilterProxy.doFilter(DelegatingFilterProxy.java:267)
	at org.apache.catalina.core.ApplicationFilterChain.internalDoFilter(ApplicationFilterChain.java:178)
	at org.apache.catalina.core.ApplicationFilterChain.doFilter(ApplicationFilterChain.java:153)
	at org.springframework.web.filter.RequestContextFilter.doFilterInternal(RequestContextFilter.java:100)
	at org.springframework.web.filter.OncePerRequestFilter.doFilter(OncePerRequestFilter.java:117)
	at org.apache.catalina.core.ApplicationFilterChain.internalDoFilter(ApplicationFilterChain.java:178)
	at org.apache.catalina.core.ApplicationFilterChain.doFilter(ApplicationFilterChain.java:153)
	at org.springframework.web.filter.FormContentFilter.doFilterInternal(FormContentFilter.java:93)
	at org.springframework.web.filter.OncePerRequestFilter.doFilter(OncePerRequestFilter.java:117)
	at org.apache.catalina.core.ApplicationFilterChain.internalDoFilter(ApplicationFilterChain.java:178)
	at org.apache.catalina.core.ApplicationFilterChain.doFilter(ApplicationFilterChain.java:153)
	at org.springframework.boot.actuate.metrics.web.servlet.WebMvcMetricsFilter.doFilterInternal(WebMvcMetricsFilter.java:96)
	at org.springframework.web.filter.OncePerRequestFilter.doFilter(OncePerRequestFilter.java:117)
	at org.apache.catalina.core.ApplicationFilterChain.internalDoFilter(ApplicationFilterChain.java:178)
	at org.apache.catalina.core.ApplicationFilterChain.doFilter(ApplicationFilterChain.java:153)
	at org.springframework.web.filter.CharacterEncodingFilter.doFilterInternal(CharacterEncodingFilter.java:201)
	at org.springframework.web.filter.OncePerRequestFilter.doFilter(OncePerRequestFilter.java:117)
	at org.apache.catalina.core.ApplicationFilterChain.internalDoFilter(ApplicationFilterChain.java:178)
	at org.apache.catalina.core.ApplicationFilterChain.doFilter(ApplicationFilterChain.java:153)
	at org.apache.catalina.core.StandardWrapperValve.invoke(StandardWrapperValve.java:167)
	at org.apache.catalina.core.StandardContextValve.invoke(StandardContextValve.java:90)
	at org.apache.catalina.authenticator.AuthenticatorBase.invoke(AuthenticatorBase.java:481)
	at org.apache.catalina.core.StandardHostValve.invoke(StandardHostValve.java:130)
	at org.apache.catalina.valves.ErrorReportValve.invoke(ErrorReportValve.java:93)
	at org.apache.catalina.core.StandardEngineValve.invoke(StandardEngineValve.java:74)
	at org.apache.catalina.connector.CoyoteAdapter.service(CoyoteAdapter.java:343)
	at org.apache.coyote.http11.Http11Processor.service(Http11Processor.java:390)
	at org.apache.coyote.AbstractProcessorLight.process(AbstractProcessorLight.java:63)
	at org.apache.coyote.AbstractProtocol$ConnectionHandler.process(AbstractProtocol.java:926)
	at org.apache.tomcat.util.net.NioEndpoint$SocketProcessor.doRun(NioEndpoint.java:1791)
	at org.apache.tomcat.util.net.SocketProcessorBase.run(SocketProcessorBase.java:52)
	at org.apache.tomcat.util.threads.ThreadPoolExecutor.runWorker(ThreadPoolExecutor.java:1191)
	at org.apache.tomcat.util.threads.ThreadPoolExecutor$Worker.run(ThreadPoolExecutor.java:659)
	at org.apache.tomcat.util.threads.TaskThread$WrappingRunnable.run(TaskThread.java:61)
	at java.base/java.lang.Thread.run(Thread.java:834)
2023-09-05 21:59:07,615 INFO  [SpringApplicationShutdownHook] org.springframework.orm.jpa.LocalContainerEntityManagerFactoryBean:Closing JPA EntityManagerFactory for persistence unit 'default'
2023-09-05 21:59:07,634 INFO  [SpringApplicationShutdownHook] com.zaxxer.hikari.HikariDataSource:HikariPool-1 - Shutdown initiated...
2023-09-05 21:59:07,652 INFO  [SpringApplicationShutdownHook] com.zaxxer.hikari.HikariDataSource:HikariPool-1 - Shutdown completed.
2023-09-05 21:59:18,615 INFO  [restartedMain] com.cookerytech.CookerytechApplication:Starting CookerytechApplication using Java 11.0.9 on Atlgan-MacBook-Air.local with PID 5328 (/Users/atilgansahinulasan/IdeaProjects/cookerytech01/target/classes started by atilgansahinulasan in /Users/atilgansahinulasan/IdeaProjects/cookerytech01)
2023-09-05 21:59:18,629 INFO  [restartedMain] com.cookerytech.CookerytechApplication:No active profile set, falling back to 1 default profile: "default"
2023-09-05 21:59:18,739 INFO  [restartedMain] org.springframework.boot.devtools.env.DevToolsPropertyDefaultsPostProcessor:Devtools property defaults active! Set 'spring.devtools.add-properties' to 'false' to disable
2023-09-05 21:59:18,739 INFO  [restartedMain] org.springframework.boot.devtools.env.DevToolsPropertyDefaultsPostProcessor:For additional web related logging consider setting the 'logging.level.web' property to 'DEBUG'
2023-09-05 21:59:20,629 INFO  [restartedMain] org.springframework.data.repository.config.RepositoryConfigurationDelegate:Bootstrapping Spring Data JPA repositories in DEFAULT mode.
2023-09-05 21:59:20,784 INFO  [restartedMain] org.springframework.data.repository.config.RepositoryConfigurationDelegate:Finished Spring Data repository scanning in 147 ms. Found 15 JPA repository interfaces.
2023-09-05 21:59:21,724 INFO  [restartedMain] org.springframework.boot.web.embedded.tomcat.TomcatWebServer:Tomcat initialized with port(s): 8080 (http)
2023-09-05 21:59:21,734 INFO  [restartedMain] org.apache.catalina.core.StandardService:Starting service [Tomcat]
2023-09-05 21:59:21,735 INFO  [restartedMain] org.apache.catalina.core.StandardEngine:Starting Servlet engine: [Apache Tomcat/9.0.78]
2023-09-05 21:59:21,832 INFO  [restartedMain] org.apache.catalina.core.ContainerBase.[Tomcat].[localhost].[/]:Initializing Spring embedded WebApplicationContext
2023-09-05 21:59:21,832 INFO  [restartedMain] org.springframework.boot.web.servlet.context.ServletWebServerApplicationContext:Root WebApplicationContext: initialization completed in 3092 ms
2023-09-05 21:59:22,408 INFO  [restartedMain] org.hibernate.jpa.internal.util.LogHelper:HHH000204: Processing PersistenceUnitInfo [name: default]
2023-09-05 21:59:22,440 INFO  [restartedMain] org.hibernate.Version:HHH000412: Hibernate ORM core version 5.6.15.Final
2023-09-05 21:59:22,607 INFO  [restartedMain] org.hibernate.annotations.common.Version:HCANN000001: Hibernate Commons Annotations {5.1.2.Final}
2023-09-05 21:59:22,720 INFO  [restartedMain] com.zaxxer.hikari.HikariDataSource:HikariPool-1 - Starting...
2023-09-05 21:59:22,881 INFO  [restartedMain] com.zaxxer.hikari.HikariDataSource:HikariPool-1 - Start completed.
2023-09-05 21:59:22,895 INFO  [restartedMain] org.hibernate.dialect.Dialect:HHH000400: Using dialect: org.hibernate.dialect.PostgreSQLDialect
2023-09-05 21:59:24,543 INFO  [restartedMain] org.hibernate.engine.transaction.jta.platform.internal.JtaPlatformInitiator:HHH000490: Using JtaPlatform implementation: [org.hibernate.engine.transaction.jta.platform.internal.NoJtaPlatform]
2023-09-05 21:59:24,557 INFO  [restartedMain] org.springframework.orm.jpa.LocalContainerEntityManagerFactoryBean:Initialized JPA EntityManagerFactory for persistence unit 'default'
2023-09-05 21:59:26,249 INFO  [restartedMain] org.springframework.security.web.DefaultSecurityFilterChain:Will secure any request with [org.springframework.security.web.session.DisableEncodeUrlFilter@5a5947b4, org.springframework.security.web.context.request.async.WebAsyncManagerIntegrationFilter@4320de4, org.springframework.security.web.context.SecurityContextPersistenceFilter@d734b61, org.springframework.security.web.header.HeaderWriterFilter@23f6d1da, org.springframework.security.web.authentication.logout.LogoutFilter@41702cf, com.cookerytech.security.jwt.AuthTokenFilter@3f39e91f, org.springframework.security.web.savedrequest.RequestCacheAwareFilter@5c7fb59c, org.springframework.security.web.servletapi.SecurityContextHolderAwareRequestFilter@d10de03, org.springframework.security.web.authentication.AnonymousAuthenticationFilter@15757e46, org.springframework.security.web.session.SessionManagementFilter@5bbcd3b5, org.springframework.security.web.access.ExceptionTranslationFilter@2737b9ce, org.springframework.security.web.access.intercept.FilterSecurityInterceptor@6ad69c7f]
2023-09-05 21:59:26,505 WARN  [restartedMain] org.springframework.boot.autoconfigure.orm.jpa.JpaBaseConfiguration$JpaWebConfiguration:spring.jpa.open-in-view is enabled by default. Therefore, database queries may be performed during view rendering. Explicitly configure spring.jpa.open-in-view to disable this warning
2023-09-05 21:59:28,287 WARN  [restartedMain] org.springframework.security.config.annotation.web.builders.WebSecurity:You are asking Spring Security to ignore Ant [pattern='/v3/api-docs/**']. This is not recommended -- please use permitAll via HttpSecurity#authorizeHttpRequests instead.
2023-09-05 21:59:28,288 INFO  [restartedMain] org.springframework.security.web.DefaultSecurityFilterChain:Will not secure Ant [pattern='/v3/api-docs/**']
2023-09-05 21:59:28,289 WARN  [restartedMain] org.springframework.security.config.annotation.web.builders.WebSecurity:You are asking Spring Security to ignore Ant [pattern='swagger-ui.html']. This is not recommended -- please use permitAll via HttpSecurity#authorizeHttpRequests instead.
2023-09-05 21:59:28,289 INFO  [restartedMain] org.springframework.security.web.DefaultSecurityFilterChain:Will not secure Ant [pattern='swagger-ui.html']
2023-09-05 21:59:28,289 WARN  [restartedMain] org.springframework.security.config.annotation.web.builders.WebSecurity:You are asking Spring Security to ignore Ant [pattern='/swagger-ui/**']. This is not recommended -- please use permitAll via HttpSecurity#authorizeHttpRequests instead.
2023-09-05 21:59:28,289 INFO  [restartedMain] org.springframework.security.web.DefaultSecurityFilterChain:Will not secure Ant [pattern='/swagger-ui/**']
2023-09-05 21:59:28,289 WARN  [restartedMain] org.springframework.security.config.annotation.web.builders.WebSecurity:You are asking Spring Security to ignore Ant [pattern='/']. This is not recommended -- please use permitAll via HttpSecurity#authorizeHttpRequests instead.
2023-09-05 21:59:28,289 INFO  [restartedMain] org.springframework.security.web.DefaultSecurityFilterChain:Will not secure Ant [pattern='/']
2023-09-05 21:59:28,289 WARN  [restartedMain] org.springframework.security.config.annotation.web.builders.WebSecurity:You are asking Spring Security to ignore Ant [pattern='index.html']. This is not recommended -- please use permitAll via HttpSecurity#authorizeHttpRequests instead.
2023-09-05 21:59:28,289 INFO  [restartedMain] org.springframework.security.web.DefaultSecurityFilterChain:Will not secure Ant [pattern='index.html']
2023-09-05 21:59:28,289 WARN  [restartedMain] org.springframework.security.config.annotation.web.builders.WebSecurity:You are asking Spring Security to ignore Ant [pattern='/images/**']. This is not recommended -- please use permitAll via HttpSecurity#authorizeHttpRequests instead.
2023-09-05 21:59:28,289 INFO  [restartedMain] org.springframework.security.web.DefaultSecurityFilterChain:Will not secure Ant [pattern='/images/**']
2023-09-05 21:59:28,289 WARN  [restartedMain] org.springframework.security.config.annotation.web.builders.WebSecurity:You are asking Spring Security to ignore Ant [pattern='/css/**']. This is not recommended -- please use permitAll via HttpSecurity#authorizeHttpRequests instead.
2023-09-05 21:59:28,289 INFO  [restartedMain] org.springframework.security.web.DefaultSecurityFilterChain:Will not secure Ant [pattern='/css/**']
2023-09-05 21:59:28,289 WARN  [restartedMain] org.springframework.security.config.annotation.web.builders.WebSecurity:You are asking Spring Security to ignore Ant [pattern='/js/**']. This is not recommended -- please use permitAll via HttpSecurity#authorizeHttpRequests instead.
2023-09-05 21:59:28,290 INFO  [restartedMain] org.springframework.security.web.DefaultSecurityFilterChain:Will not secure Ant [pattern='/js/**']
2023-09-05 21:59:28,322 INFO  [restartedMain] org.springframework.boot.devtools.autoconfigure.OptionalLiveReloadServer:LiveReload server is running on port 35729
2023-09-05 21:59:28,332 INFO  [restartedMain] org.springframework.boot.actuate.endpoint.web.EndpointLinksResolver:Exposing 14 endpoint(s) beneath base path '/actuator'
2023-09-05 21:59:28,394 INFO  [restartedMain] org.springframework.boot.web.embedded.tomcat.TomcatWebServer:Tomcat started on port(s): 8080 (http) with context path ''
2023-09-05 21:59:28,430 INFO  [restartedMain] com.cookerytech.CookerytechApplication:Started CookerytechApplication in 10.823 seconds (JVM running for 11.59)
2023-09-05 21:59:34,561 INFO  [http-nio-8080-exec-1] org.apache.catalina.core.ContainerBase.[Tomcat].[localhost].[/]:Initializing Spring DispatcherServlet 'dispatcherServlet'
2023-09-05 21:59:34,858 ERROR [http-nio-8080-exec-1] org.apache.catalina.core.ContainerBase.[Tomcat].[localhost].[/].[dispatcherServlet]:Servlet.service() for servlet [dispatcherServlet] in context with path [] threw exception [Request processing failed; nested exception is javax.validation.UnexpectedTypeException: HV000030: No validator could be found for constraint 'javax.validation.constraints.NotBlank' validating type 'java.time.LocalDate'. Check configuration for 'birthDate'] with root cause
javax.validation.UnexpectedTypeException: HV000030: No validator could be found for constraint 'javax.validation.constraints.NotBlank' validating type 'java.time.LocalDate'. Check configuration for 'birthDate'
	at org.hibernate.validator.internal.engine.constraintvalidation.ConstraintTree.getExceptionForNullValidator(ConstraintTree.java:116)
	at org.hibernate.validator.internal.engine.constraintvalidation.ConstraintTree.getInitializedConstraintValidator(ConstraintTree.java:162)
	at org.hibernate.validator.internal.engine.constraintvalidation.SimpleConstraintTree.validateConstraints(SimpleConstraintTree.java:54)
	at org.hibernate.validator.internal.engine.constraintvalidation.ConstraintTree.validateConstraints(ConstraintTree.java:75)
	at org.hibernate.validator.internal.metadata.core.MetaConstraint.doValidateConstraint(MetaConstraint.java:130)
	at org.hibernate.validator.internal.metadata.core.MetaConstraint.validateConstraint(MetaConstraint.java:123)
	at org.hibernate.validator.internal.engine.ValidatorImpl.validateMetaConstraint(ValidatorImpl.java:555)
	at org.hibernate.validator.internal.engine.ValidatorImpl.validateConstraintsForSingleDefaultGroupElement(ValidatorImpl.java:518)
	at org.hibernate.validator.internal.engine.ValidatorImpl.validateConstraintsForDefaultGroup(ValidatorImpl.java:488)
	at org.hibernate.validator.internal.engine.ValidatorImpl.validateConstraintsForCurrentGroup(ValidatorImpl.java:450)
	at org.hibernate.validator.internal.engine.ValidatorImpl.validateInContext(ValidatorImpl.java:400)
	at org.hibernate.validator.internal.engine.ValidatorImpl.validate(ValidatorImpl.java:172)
	at org.springframework.validation.beanvalidation.SpringValidatorAdapter.validate(SpringValidatorAdapter.java:109)
	at org.springframework.boot.autoconfigure.validation.ValidatorAdapter.validate(ValidatorAdapter.java:66)
	at org.springframework.validation.DataBinder.validate(DataBinder.java:933)
	at org.springframework.web.servlet.mvc.method.annotation.AbstractMessageConverterMethodArgumentResolver.validateIfApplicable(AbstractMessageConverterMethodArgumentResolver.java:250)
	at org.springframework.web.servlet.mvc.method.annotation.RequestResponseBodyMethodProcessor.resolveArgument(RequestResponseBodyMethodProcessor.java:139)
	at org.springframework.web.method.support.HandlerMethodArgumentResolverComposite.resolveArgument(HandlerMethodArgumentResolverComposite.java:122)
	at org.springframework.web.method.support.InvocableHandlerMethod.getMethodArgumentValues(InvocableHandlerMethod.java:179)
	at org.springframework.web.method.support.InvocableHandlerMethod.invokeForRequest(InvocableHandlerMethod.java:146)
	at org.springframework.web.servlet.mvc.method.annotation.ServletInvocableHandlerMethod.invokeAndHandle(ServletInvocableHandlerMethod.java:117)
	at org.springframework.web.servlet.mvc.method.annotation.RequestMappingHandlerAdapter.invokeHandlerMethod(RequestMappingHandlerAdapter.java:895)
	at org.springframework.web.servlet.mvc.method.annotation.RequestMappingHandlerAdapter.handleInternal(RequestMappingHandlerAdapter.java:808)
	at org.springframework.web.servlet.mvc.method.AbstractHandlerMethodAdapter.handle(AbstractHandlerMethodAdapter.java:87)
	at org.springframework.web.servlet.DispatcherServlet.doDispatch(DispatcherServlet.java:1072)
	at org.springframework.web.servlet.DispatcherServlet.doService(DispatcherServlet.java:965)
	at org.springframework.web.servlet.FrameworkServlet.processRequest(FrameworkServlet.java:1006)
	at org.springframework.web.servlet.FrameworkServlet.doPut(FrameworkServlet.java:920)
	at javax.servlet.http.HttpServlet.service(HttpServlet.java:558)
	at org.springframework.web.servlet.FrameworkServlet.service(FrameworkServlet.java:883)
	at javax.servlet.http.HttpServlet.service(HttpServlet.java:623)
	at org.apache.catalina.core.ApplicationFilterChain.internalDoFilter(ApplicationFilterChain.java:209)
	at org.apache.catalina.core.ApplicationFilterChain.doFilter(ApplicationFilterChain.java:153)
	at org.apache.tomcat.websocket.server.WsFilter.doFilter(WsFilter.java:51)
	at org.apache.catalina.core.ApplicationFilterChain.internalDoFilter(ApplicationFilterChain.java:178)
	at org.apache.catalina.core.ApplicationFilterChain.doFilter(ApplicationFilterChain.java:153)
	at org.springframework.web.filter.OncePerRequestFilter.doFilter(OncePerRequestFilter.java:111)
	at org.apache.catalina.core.ApplicationFilterChain.internalDoFilter(ApplicationFilterChain.java:178)
	at org.apache.catalina.core.ApplicationFilterChain.doFilter(ApplicationFilterChain.java:153)
	at org.springframework.security.web.FilterChainProxy$VirtualFilterChain.doFilter(FilterChainProxy.java:337)
	at org.springframework.security.web.access.intercept.FilterSecurityInterceptor.invoke(FilterSecurityInterceptor.java:115)
	at org.springframework.security.web.access.intercept.FilterSecurityInterceptor.doFilter(FilterSecurityInterceptor.java:81)
	at org.springframework.security.web.FilterChainProxy$VirtualFilterChain.doFilter(FilterChainProxy.java:346)
	at org.springframework.security.web.access.ExceptionTranslationFilter.doFilter(ExceptionTranslationFilter.java:122)
	at org.springframework.security.web.access.ExceptionTranslationFilter.doFilter(ExceptionTranslationFilter.java:116)
	at org.springframework.security.web.FilterChainProxy$VirtualFilterChain.doFilter(FilterChainProxy.java:346)
	at org.springframework.security.web.session.SessionManagementFilter.doFilter(SessionManagementFilter.java:126)
	at org.springframework.security.web.session.SessionManagementFilter.doFilter(SessionManagementFilter.java:81)
	at org.springframework.security.web.FilterChainProxy$VirtualFilterChain.doFilter(FilterChainProxy.java:346)
	at org.springframework.security.web.authentication.AnonymousAuthenticationFilter.doFilter(AnonymousAuthenticationFilter.java:109)
	at org.springframework.security.web.FilterChainProxy$VirtualFilterChain.doFilter(FilterChainProxy.java:346)
	at org.springframework.security.web.servletapi.SecurityContextHolderAwareRequestFilter.doFilter(SecurityContextHolderAwareRequestFilter.java:149)
	at org.springframework.security.web.FilterChainProxy$VirtualFilterChain.doFilter(FilterChainProxy.java:346)
	at org.springframework.security.web.savedrequest.RequestCacheAwareFilter.doFilter(RequestCacheAwareFilter.java:63)
	at org.springframework.security.web.FilterChainProxy$VirtualFilterChain.doFilter(FilterChainProxy.java:346)
	at com.cookerytech.security.jwt.AuthTokenFilter.doFilterInternal(AuthTokenFilter.java:49)
	at org.springframework.web.filter.OncePerRequestFilter.doFilter(OncePerRequestFilter.java:117)
	at org.springframework.security.web.FilterChainProxy$VirtualFilterChain.doFilter(FilterChainProxy.java:346)
	at org.springframework.security.web.authentication.logout.LogoutFilter.doFilter(LogoutFilter.java:103)
	at org.springframework.security.web.authentication.logout.LogoutFilter.doFilter(LogoutFilter.java:89)
	at org.springframework.security.web.FilterChainProxy$VirtualFilterChain.doFilter(FilterChainProxy.java:346)
	at org.springframework.security.web.header.HeaderWriterFilter.doHeadersAfter(HeaderWriterFilter.java:90)
	at org.springframework.security.web.header.HeaderWriterFilter.doFilterInternal(HeaderWriterFilter.java:75)
	at org.springframework.web.filter.OncePerRequestFilter.doFilter(OncePerRequestFilter.java:117)
	at org.springframework.security.web.FilterChainProxy$VirtualFilterChain.doFilter(FilterChainProxy.java:346)
	at org.springframework.security.web.context.SecurityContextPersistenceFilter.doFilter(SecurityContextPersistenceFilter.java:112)
	at org.springframework.security.web.context.SecurityContextPersistenceFilter.doFilter(SecurityContextPersistenceFilter.java:82)
	at org.springframework.security.web.FilterChainProxy$VirtualFilterChain.doFilter(FilterChainProxy.java:346)
	at org.springframework.security.web.context.request.async.WebAsyncManagerIntegrationFilter.doFilterInternal(WebAsyncManagerIntegrationFilter.java:55)
	at org.springframework.web.filter.OncePerRequestFilter.doFilter(OncePerRequestFilter.java:117)
	at org.springframework.security.web.FilterChainProxy$VirtualFilterChain.doFilter(FilterChainProxy.java:346)
	at org.springframework.security.web.session.DisableEncodeUrlFilter.doFilterInternal(DisableEncodeUrlFilter.java:42)
	at org.springframework.web.filter.OncePerRequestFilter.doFilter(OncePerRequestFilter.java:117)
	at org.springframework.security.web.FilterChainProxy$VirtualFilterChain.doFilter(FilterChainProxy.java:346)
	at org.springframework.security.web.FilterChainProxy.doFilterInternal(FilterChainProxy.java:221)
	at org.springframework.security.web.FilterChainProxy.doFilter(FilterChainProxy.java:186)
	at org.springframework.web.filter.DelegatingFilterProxy.invokeDelegate(DelegatingFilterProxy.java:354)
	at org.springframework.web.filter.DelegatingFilterProxy.doFilter(DelegatingFilterProxy.java:267)
	at org.apache.catalina.core.ApplicationFilterChain.internalDoFilter(ApplicationFilterChain.java:178)
	at org.apache.catalina.core.ApplicationFilterChain.doFilter(ApplicationFilterChain.java:153)
	at org.springframework.web.filter.RequestContextFilter.doFilterInternal(RequestContextFilter.java:100)
	at org.springframework.web.filter.OncePerRequestFilter.doFilter(OncePerRequestFilter.java:117)
	at org.apache.catalina.core.ApplicationFilterChain.internalDoFilter(ApplicationFilterChain.java:178)
	at org.apache.catalina.core.ApplicationFilterChain.doFilter(ApplicationFilterChain.java:153)
	at org.springframework.web.filter.FormContentFilter.doFilterInternal(FormContentFilter.java:93)
	at org.springframework.web.filter.OncePerRequestFilter.doFilter(OncePerRequestFilter.java:117)
	at org.apache.catalina.core.ApplicationFilterChain.internalDoFilter(ApplicationFilterChain.java:178)
	at org.apache.catalina.core.ApplicationFilterChain.doFilter(ApplicationFilterChain.java:153)
	at org.springframework.boot.actuate.metrics.web.servlet.WebMvcMetricsFilter.doFilterInternal(WebMvcMetricsFilter.java:96)
	at org.springframework.web.filter.OncePerRequestFilter.doFilter(OncePerRequestFilter.java:117)
	at org.apache.catalina.core.ApplicationFilterChain.internalDoFilter(ApplicationFilterChain.java:178)
	at org.apache.catalina.core.ApplicationFilterChain.doFilter(ApplicationFilterChain.java:153)
	at org.springframework.web.filter.CharacterEncodingFilter.doFilterInternal(CharacterEncodingFilter.java:201)
	at org.springframework.web.filter.OncePerRequestFilter.doFilter(OncePerRequestFilter.java:117)
	at org.apache.catalina.core.ApplicationFilterChain.internalDoFilter(ApplicationFilterChain.java:178)
	at org.apache.catalina.core.ApplicationFilterChain.doFilter(ApplicationFilterChain.java:153)
	at org.apache.catalina.core.StandardWrapperValve.invoke(StandardWrapperValve.java:167)
	at org.apache.catalina.core.StandardContextValve.invoke(StandardContextValve.java:90)
	at org.apache.catalina.authenticator.AuthenticatorBase.invoke(AuthenticatorBase.java:481)
	at org.apache.catalina.core.StandardHostValve.invoke(StandardHostValve.java:130)
	at org.apache.catalina.valves.ErrorReportValve.invoke(ErrorReportValve.java:93)
	at org.apache.catalina.core.StandardEngineValve.invoke(StandardEngineValve.java:74)
	at org.apache.catalina.connector.CoyoteAdapter.service(CoyoteAdapter.java:343)
	at org.apache.coyote.http11.Http11Processor.service(Http11Processor.java:390)
	at org.apache.coyote.AbstractProcessorLight.process(AbstractProcessorLight.java:63)
	at org.apache.coyote.AbstractProtocol$ConnectionHandler.process(AbstractProtocol.java:926)
	at org.apache.tomcat.util.net.NioEndpoint$SocketProcessor.doRun(NioEndpoint.java:1791)
	at org.apache.tomcat.util.net.SocketProcessorBase.run(SocketProcessorBase.java:52)
	at org.apache.tomcat.util.threads.ThreadPoolExecutor.runWorker(ThreadPoolExecutor.java:1191)
	at org.apache.tomcat.util.threads.ThreadPoolExecutor$Worker.run(ThreadPoolExecutor.java:659)
	at org.apache.tomcat.util.threads.TaskThread$WrappingRunnable.run(TaskThread.java:61)
	at java.base/java.lang.Thread.run(Thread.java:834)
2023-09-05 21:59:37,181 ERROR [http-nio-8080-exec-3] org.apache.catalina.core.ContainerBase.[Tomcat].[localhost].[/].[dispatcherServlet]:Servlet.service() for servlet [dispatcherServlet] in context with path [] threw exception [Request processing failed; nested exception is javax.validation.UnexpectedTypeException: HV000030: No validator could be found for constraint 'javax.validation.constraints.NotBlank' validating type 'java.time.LocalDate'. Check configuration for 'birthDate'] with root cause
javax.validation.UnexpectedTypeException: HV000030: No validator could be found for constraint 'javax.validation.constraints.NotBlank' validating type 'java.time.LocalDate'. Check configuration for 'birthDate'
	at org.hibernate.validator.internal.engine.constraintvalidation.ConstraintTree.getExceptionForNullValidator(ConstraintTree.java:116)
	at org.hibernate.validator.internal.engine.constraintvalidation.ConstraintTree.getInitializedConstraintValidator(ConstraintTree.java:162)
	at org.hibernate.validator.internal.engine.constraintvalidation.SimpleConstraintTree.validateConstraints(SimpleConstraintTree.java:54)
	at org.hibernate.validator.internal.engine.constraintvalidation.ConstraintTree.validateConstraints(ConstraintTree.java:75)
	at org.hibernate.validator.internal.metadata.core.MetaConstraint.doValidateConstraint(MetaConstraint.java:130)
	at org.hibernate.validator.internal.metadata.core.MetaConstraint.validateConstraint(MetaConstraint.java:123)
	at org.hibernate.validator.internal.engine.ValidatorImpl.validateMetaConstraint(ValidatorImpl.java:555)
	at org.hibernate.validator.internal.engine.ValidatorImpl.validateConstraintsForSingleDefaultGroupElement(ValidatorImpl.java:518)
	at org.hibernate.validator.internal.engine.ValidatorImpl.validateConstraintsForDefaultGroup(ValidatorImpl.java:488)
	at org.hibernate.validator.internal.engine.ValidatorImpl.validateConstraintsForCurrentGroup(ValidatorImpl.java:450)
	at org.hibernate.validator.internal.engine.ValidatorImpl.validateInContext(ValidatorImpl.java:400)
	at org.hibernate.validator.internal.engine.ValidatorImpl.validate(ValidatorImpl.java:172)
	at org.springframework.validation.beanvalidation.SpringValidatorAdapter.validate(SpringValidatorAdapter.java:109)
	at org.springframework.boot.autoconfigure.validation.ValidatorAdapter.validate(ValidatorAdapter.java:66)
	at org.springframework.validation.DataBinder.validate(DataBinder.java:933)
	at org.springframework.web.servlet.mvc.method.annotation.AbstractMessageConverterMethodArgumentResolver.validateIfApplicable(AbstractMessageConverterMethodArgumentResolver.java:250)
	at org.springframework.web.servlet.mvc.method.annotation.RequestResponseBodyMethodProcessor.resolveArgument(RequestResponseBodyMethodProcessor.java:139)
	at org.springframework.web.method.support.HandlerMethodArgumentResolverComposite.resolveArgument(HandlerMethodArgumentResolverComposite.java:122)
	at org.springframework.web.method.support.InvocableHandlerMethod.getMethodArgumentValues(InvocableHandlerMethod.java:179)
	at org.springframework.web.method.support.InvocableHandlerMethod.invokeForRequest(InvocableHandlerMethod.java:146)
	at org.springframework.web.servlet.mvc.method.annotation.ServletInvocableHandlerMethod.invokeAndHandle(ServletInvocableHandlerMethod.java:117)
	at org.springframework.web.servlet.mvc.method.annotation.RequestMappingHandlerAdapter.invokeHandlerMethod(RequestMappingHandlerAdapter.java:895)
	at org.springframework.web.servlet.mvc.method.annotation.RequestMappingHandlerAdapter.handleInternal(RequestMappingHandlerAdapter.java:808)
	at org.springframework.web.servlet.mvc.method.AbstractHandlerMethodAdapter.handle(AbstractHandlerMethodAdapter.java:87)
	at org.springframework.web.servlet.DispatcherServlet.doDispatch(DispatcherServlet.java:1072)
	at org.springframework.web.servlet.DispatcherServlet.doService(DispatcherServlet.java:965)
	at org.springframework.web.servlet.FrameworkServlet.processRequest(FrameworkServlet.java:1006)
	at org.springframework.web.servlet.FrameworkServlet.doPut(FrameworkServlet.java:920)
	at javax.servlet.http.HttpServlet.service(HttpServlet.java:558)
	at org.springframework.web.servlet.FrameworkServlet.service(FrameworkServlet.java:883)
	at javax.servlet.http.HttpServlet.service(HttpServlet.java:623)
	at org.apache.catalina.core.ApplicationFilterChain.internalDoFilter(ApplicationFilterChain.java:209)
	at org.apache.catalina.core.ApplicationFilterChain.doFilter(ApplicationFilterChain.java:153)
	at org.apache.tomcat.websocket.server.WsFilter.doFilter(WsFilter.java:51)
	at org.apache.catalina.core.ApplicationFilterChain.internalDoFilter(ApplicationFilterChain.java:178)
	at org.apache.catalina.core.ApplicationFilterChain.doFilter(ApplicationFilterChain.java:153)
	at org.springframework.web.filter.OncePerRequestFilter.doFilter(OncePerRequestFilter.java:111)
	at org.apache.catalina.core.ApplicationFilterChain.internalDoFilter(ApplicationFilterChain.java:178)
	at org.apache.catalina.core.ApplicationFilterChain.doFilter(ApplicationFilterChain.java:153)
	at org.springframework.security.web.FilterChainProxy$VirtualFilterChain.doFilter(FilterChainProxy.java:337)
	at org.springframework.security.web.access.intercept.FilterSecurityInterceptor.invoke(FilterSecurityInterceptor.java:115)
	at org.springframework.security.web.access.intercept.FilterSecurityInterceptor.doFilter(FilterSecurityInterceptor.java:81)
	at org.springframework.security.web.FilterChainProxy$VirtualFilterChain.doFilter(FilterChainProxy.java:346)
	at org.springframework.security.web.access.ExceptionTranslationFilter.doFilter(ExceptionTranslationFilter.java:122)
	at org.springframework.security.web.access.ExceptionTranslationFilter.doFilter(ExceptionTranslationFilter.java:116)
	at org.springframework.security.web.FilterChainProxy$VirtualFilterChain.doFilter(FilterChainProxy.java:346)
	at org.springframework.security.web.session.SessionManagementFilter.doFilter(SessionManagementFilter.java:126)
	at org.springframework.security.web.session.SessionManagementFilter.doFilter(SessionManagementFilter.java:81)
	at org.springframework.security.web.FilterChainProxy$VirtualFilterChain.doFilter(FilterChainProxy.java:346)
	at org.springframework.security.web.authentication.AnonymousAuthenticationFilter.doFilter(AnonymousAuthenticationFilter.java:109)
	at org.springframework.security.web.FilterChainProxy$VirtualFilterChain.doFilter(FilterChainProxy.java:346)
	at org.springframework.security.web.servletapi.SecurityContextHolderAwareRequestFilter.doFilter(SecurityContextHolderAwareRequestFilter.java:149)
	at org.springframework.security.web.FilterChainProxy$VirtualFilterChain.doFilter(FilterChainProxy.java:346)
	at org.springframework.security.web.savedrequest.RequestCacheAwareFilter.doFilter(RequestCacheAwareFilter.java:63)
	at org.springframework.security.web.FilterChainProxy$VirtualFilterChain.doFilter(FilterChainProxy.java:346)
	at com.cookerytech.security.jwt.AuthTokenFilter.doFilterInternal(AuthTokenFilter.java:49)
	at org.springframework.web.filter.OncePerRequestFilter.doFilter(OncePerRequestFilter.java:117)
	at org.springframework.security.web.FilterChainProxy$VirtualFilterChain.doFilter(FilterChainProxy.java:346)
	at org.springframework.security.web.authentication.logout.LogoutFilter.doFilter(LogoutFilter.java:103)
	at org.springframework.security.web.authentication.logout.LogoutFilter.doFilter(LogoutFilter.java:89)
	at org.springframework.security.web.FilterChainProxy$VirtualFilterChain.doFilter(FilterChainProxy.java:346)
	at org.springframework.security.web.header.HeaderWriterFilter.doHeadersAfter(HeaderWriterFilter.java:90)
	at org.springframework.security.web.header.HeaderWriterFilter.doFilterInternal(HeaderWriterFilter.java:75)
	at org.springframework.web.filter.OncePerRequestFilter.doFilter(OncePerRequestFilter.java:117)
	at org.springframework.security.web.FilterChainProxy$VirtualFilterChain.doFilter(FilterChainProxy.java:346)
	at org.springframework.security.web.context.SecurityContextPersistenceFilter.doFilter(SecurityContextPersistenceFilter.java:112)
	at org.springframework.security.web.context.SecurityContextPersistenceFilter.doFilter(SecurityContextPersistenceFilter.java:82)
	at org.springframework.security.web.FilterChainProxy$VirtualFilterChain.doFilter(FilterChainProxy.java:346)
	at org.springframework.security.web.context.request.async.WebAsyncManagerIntegrationFilter.doFilterInternal(WebAsyncManagerIntegrationFilter.java:55)
	at org.springframework.web.filter.OncePerRequestFilter.doFilter(OncePerRequestFilter.java:117)
	at org.springframework.security.web.FilterChainProxy$VirtualFilterChain.doFilter(FilterChainProxy.java:346)
	at org.springframework.security.web.session.DisableEncodeUrlFilter.doFilterInternal(DisableEncodeUrlFilter.java:42)
	at org.springframework.web.filter.OncePerRequestFilter.doFilter(OncePerRequestFilter.java:117)
	at org.springframework.security.web.FilterChainProxy$VirtualFilterChain.doFilter(FilterChainProxy.java:346)
	at org.springframework.security.web.FilterChainProxy.doFilterInternal(FilterChainProxy.java:221)
	at org.springframework.security.web.FilterChainProxy.doFilter(FilterChainProxy.java:186)
	at org.springframework.web.filter.DelegatingFilterProxy.invokeDelegate(DelegatingFilterProxy.java:354)
	at org.springframework.web.filter.DelegatingFilterProxy.doFilter(DelegatingFilterProxy.java:267)
	at org.apache.catalina.core.ApplicationFilterChain.internalDoFilter(ApplicationFilterChain.java:178)
	at org.apache.catalina.core.ApplicationFilterChain.doFilter(ApplicationFilterChain.java:153)
	at org.springframework.web.filter.RequestContextFilter.doFilterInternal(RequestContextFilter.java:100)
	at org.springframework.web.filter.OncePerRequestFilter.doFilter(OncePerRequestFilter.java:117)
	at org.apache.catalina.core.ApplicationFilterChain.internalDoFilter(ApplicationFilterChain.java:178)
	at org.apache.catalina.core.ApplicationFilterChain.doFilter(ApplicationFilterChain.java:153)
	at org.springframework.web.filter.FormContentFilter.doFilterInternal(FormContentFilter.java:93)
	at org.springframework.web.filter.OncePerRequestFilter.doFilter(OncePerRequestFilter.java:117)
	at org.apache.catalina.core.ApplicationFilterChain.internalDoFilter(ApplicationFilterChain.java:178)
	at org.apache.catalina.core.ApplicationFilterChain.doFilter(ApplicationFilterChain.java:153)
	at org.springframework.boot.actuate.metrics.web.servlet.WebMvcMetricsFilter.doFilterInternal(WebMvcMetricsFilter.java:96)
	at org.springframework.web.filter.OncePerRequestFilter.doFilter(OncePerRequestFilter.java:117)
	at org.apache.catalina.core.ApplicationFilterChain.internalDoFilter(ApplicationFilterChain.java:178)
	at org.apache.catalina.core.ApplicationFilterChain.doFilter(ApplicationFilterChain.java:153)
	at org.springframework.web.filter.CharacterEncodingFilter.doFilterInternal(CharacterEncodingFilter.java:201)
	at org.springframework.web.filter.OncePerRequestFilter.doFilter(OncePerRequestFilter.java:117)
	at org.apache.catalina.core.ApplicationFilterChain.internalDoFilter(ApplicationFilterChain.java:178)
	at org.apache.catalina.core.ApplicationFilterChain.doFilter(ApplicationFilterChain.java:153)
	at org.apache.catalina.core.StandardWrapperValve.invoke(StandardWrapperValve.java:167)
	at org.apache.catalina.core.StandardContextValve.invoke(StandardContextValve.java:90)
	at org.apache.catalina.authenticator.AuthenticatorBase.invoke(AuthenticatorBase.java:481)
	at org.apache.catalina.core.StandardHostValve.invoke(StandardHostValve.java:130)
	at org.apache.catalina.valves.ErrorReportValve.invoke(ErrorReportValve.java:93)
	at org.apache.catalina.core.StandardEngineValve.invoke(StandardEngineValve.java:74)
	at org.apache.catalina.connector.CoyoteAdapter.service(CoyoteAdapter.java:343)
	at org.apache.coyote.http11.Http11Processor.service(Http11Processor.java:390)
	at org.apache.coyote.AbstractProcessorLight.process(AbstractProcessorLight.java:63)
	at org.apache.coyote.AbstractProtocol$ConnectionHandler.process(AbstractProtocol.java:926)
	at org.apache.tomcat.util.net.NioEndpoint$SocketProcessor.doRun(NioEndpoint.java:1791)
	at org.apache.tomcat.util.net.SocketProcessorBase.run(SocketProcessorBase.java:52)
	at org.apache.tomcat.util.threads.ThreadPoolExecutor.runWorker(ThreadPoolExecutor.java:1191)
	at org.apache.tomcat.util.threads.ThreadPoolExecutor$Worker.run(ThreadPoolExecutor.java:659)
	at org.apache.tomcat.util.threads.TaskThread$WrappingRunnable.run(TaskThread.java:61)
	at java.base/java.lang.Thread.run(Thread.java:834)
2023-09-05 21:59:38,827 ERROR [http-nio-8080-exec-6] org.apache.catalina.core.ContainerBase.[Tomcat].[localhost].[/].[dispatcherServlet]:Servlet.service() for servlet [dispatcherServlet] in context with path [] threw exception [Request processing failed; nested exception is javax.validation.UnexpectedTypeException: HV000030: No validator could be found for constraint 'javax.validation.constraints.NotBlank' validating type 'java.time.LocalDate'. Check configuration for 'birthDate'] with root cause
javax.validation.UnexpectedTypeException: HV000030: No validator could be found for constraint 'javax.validation.constraints.NotBlank' validating type 'java.time.LocalDate'. Check configuration for 'birthDate'
	at org.hibernate.validator.internal.engine.constraintvalidation.ConstraintTree.getExceptionForNullValidator(ConstraintTree.java:116)
	at org.hibernate.validator.internal.engine.constraintvalidation.ConstraintTree.getInitializedConstraintValidator(ConstraintTree.java:162)
	at org.hibernate.validator.internal.engine.constraintvalidation.SimpleConstraintTree.validateConstraints(SimpleConstraintTree.java:54)
	at org.hibernate.validator.internal.engine.constraintvalidation.ConstraintTree.validateConstraints(ConstraintTree.java:75)
	at org.hibernate.validator.internal.metadata.core.MetaConstraint.doValidateConstraint(MetaConstraint.java:130)
	at org.hibernate.validator.internal.metadata.core.MetaConstraint.validateConstraint(MetaConstraint.java:123)
	at org.hibernate.validator.internal.engine.ValidatorImpl.validateMetaConstraint(ValidatorImpl.java:555)
	at org.hibernate.validator.internal.engine.ValidatorImpl.validateConstraintsForSingleDefaultGroupElement(ValidatorImpl.java:518)
	at org.hibernate.validator.internal.engine.ValidatorImpl.validateConstraintsForDefaultGroup(ValidatorImpl.java:488)
	at org.hibernate.validator.internal.engine.ValidatorImpl.validateConstraintsForCurrentGroup(ValidatorImpl.java:450)
	at org.hibernate.validator.internal.engine.ValidatorImpl.validateInContext(ValidatorImpl.java:400)
	at org.hibernate.validator.internal.engine.ValidatorImpl.validate(ValidatorImpl.java:172)
	at org.springframework.validation.beanvalidation.SpringValidatorAdapter.validate(SpringValidatorAdapter.java:109)
	at org.springframework.boot.autoconfigure.validation.ValidatorAdapter.validate(ValidatorAdapter.java:66)
	at org.springframework.validation.DataBinder.validate(DataBinder.java:933)
	at org.springframework.web.servlet.mvc.method.annotation.AbstractMessageConverterMethodArgumentResolver.validateIfApplicable(AbstractMessageConverterMethodArgumentResolver.java:250)
	at org.springframework.web.servlet.mvc.method.annotation.RequestResponseBodyMethodProcessor.resolveArgument(RequestResponseBodyMethodProcessor.java:139)
	at org.springframework.web.method.support.HandlerMethodArgumentResolverComposite.resolveArgument(HandlerMethodArgumentResolverComposite.java:122)
	at org.springframework.web.method.support.InvocableHandlerMethod.getMethodArgumentValues(InvocableHandlerMethod.java:179)
	at org.springframework.web.method.support.InvocableHandlerMethod.invokeForRequest(InvocableHandlerMethod.java:146)
	at org.springframework.web.servlet.mvc.method.annotation.ServletInvocableHandlerMethod.invokeAndHandle(ServletInvocableHandlerMethod.java:117)
	at org.springframework.web.servlet.mvc.method.annotation.RequestMappingHandlerAdapter.invokeHandlerMethod(RequestMappingHandlerAdapter.java:895)
	at org.springframework.web.servlet.mvc.method.annotation.RequestMappingHandlerAdapter.handleInternal(RequestMappingHandlerAdapter.java:808)
	at org.springframework.web.servlet.mvc.method.AbstractHandlerMethodAdapter.handle(AbstractHandlerMethodAdapter.java:87)
	at org.springframework.web.servlet.DispatcherServlet.doDispatch(DispatcherServlet.java:1072)
	at org.springframework.web.servlet.DispatcherServlet.doService(DispatcherServlet.java:965)
	at org.springframework.web.servlet.FrameworkServlet.processRequest(FrameworkServlet.java:1006)
	at org.springframework.web.servlet.FrameworkServlet.doPut(FrameworkServlet.java:920)
	at javax.servlet.http.HttpServlet.service(HttpServlet.java:558)
	at org.springframework.web.servlet.FrameworkServlet.service(FrameworkServlet.java:883)
	at javax.servlet.http.HttpServlet.service(HttpServlet.java:623)
	at org.apache.catalina.core.ApplicationFilterChain.internalDoFilter(ApplicationFilterChain.java:209)
	at org.apache.catalina.core.ApplicationFilterChain.doFilter(ApplicationFilterChain.java:153)
	at org.apache.tomcat.websocket.server.WsFilter.doFilter(WsFilter.java:51)
	at org.apache.catalina.core.ApplicationFilterChain.internalDoFilter(ApplicationFilterChain.java:178)
	at org.apache.catalina.core.ApplicationFilterChain.doFilter(ApplicationFilterChain.java:153)
	at org.springframework.web.filter.OncePerRequestFilter.doFilter(OncePerRequestFilter.java:111)
	at org.apache.catalina.core.ApplicationFilterChain.internalDoFilter(ApplicationFilterChain.java:178)
	at org.apache.catalina.core.ApplicationFilterChain.doFilter(ApplicationFilterChain.java:153)
	at org.springframework.security.web.FilterChainProxy$VirtualFilterChain.doFilter(FilterChainProxy.java:337)
	at org.springframework.security.web.access.intercept.FilterSecurityInterceptor.invoke(FilterSecurityInterceptor.java:115)
	at org.springframework.security.web.access.intercept.FilterSecurityInterceptor.doFilter(FilterSecurityInterceptor.java:81)
	at org.springframework.security.web.FilterChainProxy$VirtualFilterChain.doFilter(FilterChainProxy.java:346)
	at org.springframework.security.web.access.ExceptionTranslationFilter.doFilter(ExceptionTranslationFilter.java:122)
	at org.springframework.security.web.access.ExceptionTranslationFilter.doFilter(ExceptionTranslationFilter.java:116)
	at org.springframework.security.web.FilterChainProxy$VirtualFilterChain.doFilter(FilterChainProxy.java:346)
	at org.springframework.security.web.session.SessionManagementFilter.doFilter(SessionManagementFilter.java:126)
	at org.springframework.security.web.session.SessionManagementFilter.doFilter(SessionManagementFilter.java:81)
	at org.springframework.security.web.FilterChainProxy$VirtualFilterChain.doFilter(FilterChainProxy.java:346)
	at org.springframework.security.web.authentication.AnonymousAuthenticationFilter.doFilter(AnonymousAuthenticationFilter.java:109)
	at org.springframework.security.web.FilterChainProxy$VirtualFilterChain.doFilter(FilterChainProxy.java:346)
	at org.springframework.security.web.servletapi.SecurityContextHolderAwareRequestFilter.doFilter(SecurityContextHolderAwareRequestFilter.java:149)
	at org.springframework.security.web.FilterChainProxy$VirtualFilterChain.doFilter(FilterChainProxy.java:346)
	at org.springframework.security.web.savedrequest.RequestCacheAwareFilter.doFilter(RequestCacheAwareFilter.java:63)
	at org.springframework.security.web.FilterChainProxy$VirtualFilterChain.doFilter(FilterChainProxy.java:346)
	at com.cookerytech.security.jwt.AuthTokenFilter.doFilterInternal(AuthTokenFilter.java:49)
	at org.springframework.web.filter.OncePerRequestFilter.doFilter(OncePerRequestFilter.java:117)
	at org.springframework.security.web.FilterChainProxy$VirtualFilterChain.doFilter(FilterChainProxy.java:346)
	at org.springframework.security.web.authentication.logout.LogoutFilter.doFilter(LogoutFilter.java:103)
	at org.springframework.security.web.authentication.logout.LogoutFilter.doFilter(LogoutFilter.java:89)
	at org.springframework.security.web.FilterChainProxy$VirtualFilterChain.doFilter(FilterChainProxy.java:346)
	at org.springframework.security.web.header.HeaderWriterFilter.doHeadersAfter(HeaderWriterFilter.java:90)
	at org.springframework.security.web.header.HeaderWriterFilter.doFilterInternal(HeaderWriterFilter.java:75)
	at org.springframework.web.filter.OncePerRequestFilter.doFilter(OncePerRequestFilter.java:117)
	at org.springframework.security.web.FilterChainProxy$VirtualFilterChain.doFilter(FilterChainProxy.java:346)
	at org.springframework.security.web.context.SecurityContextPersistenceFilter.doFilter(SecurityContextPersistenceFilter.java:112)
	at org.springframework.security.web.context.SecurityContextPersistenceFilter.doFilter(SecurityContextPersistenceFilter.java:82)
	at org.springframework.security.web.FilterChainProxy$VirtualFilterChain.doFilter(FilterChainProxy.java:346)
	at org.springframework.security.web.context.request.async.WebAsyncManagerIntegrationFilter.doFilterInternal(WebAsyncManagerIntegrationFilter.java:55)
	at org.springframework.web.filter.OncePerRequestFilter.doFilter(OncePerRequestFilter.java:117)
	at org.springframework.security.web.FilterChainProxy$VirtualFilterChain.doFilter(FilterChainProxy.java:346)
	at org.springframework.security.web.session.DisableEncodeUrlFilter.doFilterInternal(DisableEncodeUrlFilter.java:42)
	at org.springframework.web.filter.OncePerRequestFilter.doFilter(OncePerRequestFilter.java:117)
	at org.springframework.security.web.FilterChainProxy$VirtualFilterChain.doFilter(FilterChainProxy.java:346)
	at org.springframework.security.web.FilterChainProxy.doFilterInternal(FilterChainProxy.java:221)
	at org.springframework.security.web.FilterChainProxy.doFilter(FilterChainProxy.java:186)
	at org.springframework.web.filter.DelegatingFilterProxy.invokeDelegate(DelegatingFilterProxy.java:354)
	at org.springframework.web.filter.DelegatingFilterProxy.doFilter(DelegatingFilterProxy.java:267)
	at org.apache.catalina.core.ApplicationFilterChain.internalDoFilter(ApplicationFilterChain.java:178)
	at org.apache.catalina.core.ApplicationFilterChain.doFilter(ApplicationFilterChain.java:153)
	at org.springframework.web.filter.RequestContextFilter.doFilterInternal(RequestContextFilter.java:100)
	at org.springframework.web.filter.OncePerRequestFilter.doFilter(OncePerRequestFilter.java:117)
	at org.apache.catalina.core.ApplicationFilterChain.internalDoFilter(ApplicationFilterChain.java:178)
	at org.apache.catalina.core.ApplicationFilterChain.doFilter(ApplicationFilterChain.java:153)
	at org.springframework.web.filter.FormContentFilter.doFilterInternal(FormContentFilter.java:93)
	at org.springframework.web.filter.OncePerRequestFilter.doFilter(OncePerRequestFilter.java:117)
	at org.apache.catalina.core.ApplicationFilterChain.internalDoFilter(ApplicationFilterChain.java:178)
	at org.apache.catalina.core.ApplicationFilterChain.doFilter(ApplicationFilterChain.java:153)
	at org.springframework.boot.actuate.metrics.web.servlet.WebMvcMetricsFilter.doFilterInternal(WebMvcMetricsFilter.java:96)
	at org.springframework.web.filter.OncePerRequestFilter.doFilter(OncePerRequestFilter.java:117)
	at org.apache.catalina.core.ApplicationFilterChain.internalDoFilter(ApplicationFilterChain.java:178)
	at org.apache.catalina.core.ApplicationFilterChain.doFilter(ApplicationFilterChain.java:153)
	at org.springframework.web.filter.CharacterEncodingFilter.doFilterInternal(CharacterEncodingFilter.java:201)
	at org.springframework.web.filter.OncePerRequestFilter.doFilter(OncePerRequestFilter.java:117)
	at org.apache.catalina.core.ApplicationFilterChain.internalDoFilter(ApplicationFilterChain.java:178)
	at org.apache.catalina.core.ApplicationFilterChain.doFilter(ApplicationFilterChain.java:153)
	at org.apache.catalina.core.StandardWrapperValve.invoke(StandardWrapperValve.java:167)
	at org.apache.catalina.core.StandardContextValve.invoke(StandardContextValve.java:90)
	at org.apache.catalina.authenticator.AuthenticatorBase.invoke(AuthenticatorBase.java:481)
	at org.apache.catalina.core.StandardHostValve.invoke(StandardHostValve.java:130)
	at org.apache.catalina.valves.ErrorReportValve.invoke(ErrorReportValve.java:93)
	at org.apache.catalina.core.StandardEngineValve.invoke(StandardEngineValve.java:74)
	at org.apache.catalina.connector.CoyoteAdapter.service(CoyoteAdapter.java:343)
	at org.apache.coyote.http11.Http11Processor.service(Http11Processor.java:390)
	at org.apache.coyote.AbstractProcessorLight.process(AbstractProcessorLight.java:63)
	at org.apache.coyote.AbstractProtocol$ConnectionHandler.process(AbstractProtocol.java:926)
	at org.apache.tomcat.util.net.NioEndpoint$SocketProcessor.doRun(NioEndpoint.java:1791)
	at org.apache.tomcat.util.net.SocketProcessorBase.run(SocketProcessorBase.java:52)
	at org.apache.tomcat.util.threads.ThreadPoolExecutor.runWorker(ThreadPoolExecutor.java:1191)
	at org.apache.tomcat.util.threads.ThreadPoolExecutor$Worker.run(ThreadPoolExecutor.java:659)
	at org.apache.tomcat.util.threads.TaskThread$WrappingRunnable.run(TaskThread.java:61)
	at java.base/java.lang.Thread.run(Thread.java:834)
2023-09-05 21:59:39,704 ERROR [http-nio-8080-exec-7] org.apache.catalina.core.ContainerBase.[Tomcat].[localhost].[/].[dispatcherServlet]:Servlet.service() for servlet [dispatcherServlet] in context with path [] threw exception [Request processing failed; nested exception is javax.validation.UnexpectedTypeException: HV000030: No validator could be found for constraint 'javax.validation.constraints.NotBlank' validating type 'java.time.LocalDate'. Check configuration for 'birthDate'] with root cause
javax.validation.UnexpectedTypeException: HV000030: No validator could be found for constraint 'javax.validation.constraints.NotBlank' validating type 'java.time.LocalDate'. Check configuration for 'birthDate'
	at org.hibernate.validator.internal.engine.constraintvalidation.ConstraintTree.getExceptionForNullValidator(ConstraintTree.java:116)
	at org.hibernate.validator.internal.engine.constraintvalidation.ConstraintTree.getInitializedConstraintValidator(ConstraintTree.java:162)
	at org.hibernate.validator.internal.engine.constraintvalidation.SimpleConstraintTree.validateConstraints(SimpleConstraintTree.java:54)
	at org.hibernate.validator.internal.engine.constraintvalidation.ConstraintTree.validateConstraints(ConstraintTree.java:75)
	at org.hibernate.validator.internal.metadata.core.MetaConstraint.doValidateConstraint(MetaConstraint.java:130)
	at org.hibernate.validator.internal.metadata.core.MetaConstraint.validateConstraint(MetaConstraint.java:123)
	at org.hibernate.validator.internal.engine.ValidatorImpl.validateMetaConstraint(ValidatorImpl.java:555)
	at org.hibernate.validator.internal.engine.ValidatorImpl.validateConstraintsForSingleDefaultGroupElement(ValidatorImpl.java:518)
	at org.hibernate.validator.internal.engine.ValidatorImpl.validateConstraintsForDefaultGroup(ValidatorImpl.java:488)
	at org.hibernate.validator.internal.engine.ValidatorImpl.validateConstraintsForCurrentGroup(ValidatorImpl.java:450)
	at org.hibernate.validator.internal.engine.ValidatorImpl.validateInContext(ValidatorImpl.java:400)
	at org.hibernate.validator.internal.engine.ValidatorImpl.validate(ValidatorImpl.java:172)
	at org.springframework.validation.beanvalidation.SpringValidatorAdapter.validate(SpringValidatorAdapter.java:109)
	at org.springframework.boot.autoconfigure.validation.ValidatorAdapter.validate(ValidatorAdapter.java:66)
	at org.springframework.validation.DataBinder.validate(DataBinder.java:933)
	at org.springframework.web.servlet.mvc.method.annotation.AbstractMessageConverterMethodArgumentResolver.validateIfApplicable(AbstractMessageConverterMethodArgumentResolver.java:250)
	at org.springframework.web.servlet.mvc.method.annotation.RequestResponseBodyMethodProcessor.resolveArgument(RequestResponseBodyMethodProcessor.java:139)
	at org.springframework.web.method.support.HandlerMethodArgumentResolverComposite.resolveArgument(HandlerMethodArgumentResolverComposite.java:122)
	at org.springframework.web.method.support.InvocableHandlerMethod.getMethodArgumentValues(InvocableHandlerMethod.java:179)
	at org.springframework.web.method.support.InvocableHandlerMethod.invokeForRequest(InvocableHandlerMethod.java:146)
	at org.springframework.web.servlet.mvc.method.annotation.ServletInvocableHandlerMethod.invokeAndHandle(ServletInvocableHandlerMethod.java:117)
	at org.springframework.web.servlet.mvc.method.annotation.RequestMappingHandlerAdapter.invokeHandlerMethod(RequestMappingHandlerAdapter.java:895)
	at org.springframework.web.servlet.mvc.method.annotation.RequestMappingHandlerAdapter.handleInternal(RequestMappingHandlerAdapter.java:808)
	at org.springframework.web.servlet.mvc.method.AbstractHandlerMethodAdapter.handle(AbstractHandlerMethodAdapter.java:87)
	at org.springframework.web.servlet.DispatcherServlet.doDispatch(DispatcherServlet.java:1072)
	at org.springframework.web.servlet.DispatcherServlet.doService(DispatcherServlet.java:965)
	at org.springframework.web.servlet.FrameworkServlet.processRequest(FrameworkServlet.java:1006)
	at org.springframework.web.servlet.FrameworkServlet.doPut(FrameworkServlet.java:920)
	at javax.servlet.http.HttpServlet.service(HttpServlet.java:558)
	at org.springframework.web.servlet.FrameworkServlet.service(FrameworkServlet.java:883)
	at javax.servlet.http.HttpServlet.service(HttpServlet.java:623)
	at org.apache.catalina.core.ApplicationFilterChain.internalDoFilter(ApplicationFilterChain.java:209)
	at org.apache.catalina.core.ApplicationFilterChain.doFilter(ApplicationFilterChain.java:153)
	at org.apache.tomcat.websocket.server.WsFilter.doFilter(WsFilter.java:51)
	at org.apache.catalina.core.ApplicationFilterChain.internalDoFilter(ApplicationFilterChain.java:178)
	at org.apache.catalina.core.ApplicationFilterChain.doFilter(ApplicationFilterChain.java:153)
	at org.springframework.web.filter.OncePerRequestFilter.doFilter(OncePerRequestFilter.java:111)
	at org.apache.catalina.core.ApplicationFilterChain.internalDoFilter(ApplicationFilterChain.java:178)
	at org.apache.catalina.core.ApplicationFilterChain.doFilter(ApplicationFilterChain.java:153)
	at org.springframework.security.web.FilterChainProxy$VirtualFilterChain.doFilter(FilterChainProxy.java:337)
	at org.springframework.security.web.access.intercept.FilterSecurityInterceptor.invoke(FilterSecurityInterceptor.java:115)
	at org.springframework.security.web.access.intercept.FilterSecurityInterceptor.doFilter(FilterSecurityInterceptor.java:81)
	at org.springframework.security.web.FilterChainProxy$VirtualFilterChain.doFilter(FilterChainProxy.java:346)
	at org.springframework.security.web.access.ExceptionTranslationFilter.doFilter(ExceptionTranslationFilter.java:122)
	at org.springframework.security.web.access.ExceptionTranslationFilter.doFilter(ExceptionTranslationFilter.java:116)
	at org.springframework.security.web.FilterChainProxy$VirtualFilterChain.doFilter(FilterChainProxy.java:346)
	at org.springframework.security.web.session.SessionManagementFilter.doFilter(SessionManagementFilter.java:126)
	at org.springframework.security.web.session.SessionManagementFilter.doFilter(SessionManagementFilter.java:81)
	at org.springframework.security.web.FilterChainProxy$VirtualFilterChain.doFilter(FilterChainProxy.java:346)
	at org.springframework.security.web.authentication.AnonymousAuthenticationFilter.doFilter(AnonymousAuthenticationFilter.java:109)
	at org.springframework.security.web.FilterChainProxy$VirtualFilterChain.doFilter(FilterChainProxy.java:346)
	at org.springframework.security.web.servletapi.SecurityContextHolderAwareRequestFilter.doFilter(SecurityContextHolderAwareRequestFilter.java:149)
	at org.springframework.security.web.FilterChainProxy$VirtualFilterChain.doFilter(FilterChainProxy.java:346)
	at org.springframework.security.web.savedrequest.RequestCacheAwareFilter.doFilter(RequestCacheAwareFilter.java:63)
	at org.springframework.security.web.FilterChainProxy$VirtualFilterChain.doFilter(FilterChainProxy.java:346)
	at com.cookerytech.security.jwt.AuthTokenFilter.doFilterInternal(AuthTokenFilter.java:49)
	at org.springframework.web.filter.OncePerRequestFilter.doFilter(OncePerRequestFilter.java:117)
	at org.springframework.security.web.FilterChainProxy$VirtualFilterChain.doFilter(FilterChainProxy.java:346)
	at org.springframework.security.web.authentication.logout.LogoutFilter.doFilter(LogoutFilter.java:103)
	at org.springframework.security.web.authentication.logout.LogoutFilter.doFilter(LogoutFilter.java:89)
	at org.springframework.security.web.FilterChainProxy$VirtualFilterChain.doFilter(FilterChainProxy.java:346)
	at org.springframework.security.web.header.HeaderWriterFilter.doHeadersAfter(HeaderWriterFilter.java:90)
	at org.springframework.security.web.header.HeaderWriterFilter.doFilterInternal(HeaderWriterFilter.java:75)
	at org.springframework.web.filter.OncePerRequestFilter.doFilter(OncePerRequestFilter.java:117)
	at org.springframework.security.web.FilterChainProxy$VirtualFilterChain.doFilter(FilterChainProxy.java:346)
	at org.springframework.security.web.context.SecurityContextPersistenceFilter.doFilter(SecurityContextPersistenceFilter.java:112)
	at org.springframework.security.web.context.SecurityContextPersistenceFilter.doFilter(SecurityContextPersistenceFilter.java:82)
	at org.springframework.security.web.FilterChainProxy$VirtualFilterChain.doFilter(FilterChainProxy.java:346)
	at org.springframework.security.web.context.request.async.WebAsyncManagerIntegrationFilter.doFilterInternal(WebAsyncManagerIntegrationFilter.java:55)
	at org.springframework.web.filter.OncePerRequestFilter.doFilter(OncePerRequestFilter.java:117)
	at org.springframework.security.web.FilterChainProxy$VirtualFilterChain.doFilter(FilterChainProxy.java:346)
	at org.springframework.security.web.session.DisableEncodeUrlFilter.doFilterInternal(DisableEncodeUrlFilter.java:42)
	at org.springframework.web.filter.OncePerRequestFilter.doFilter(OncePerRequestFilter.java:117)
	at org.springframework.security.web.FilterChainProxy$VirtualFilterChain.doFilter(FilterChainProxy.java:346)
	at org.springframework.security.web.FilterChainProxy.doFilterInternal(FilterChainProxy.java:221)
	at org.springframework.security.web.FilterChainProxy.doFilter(FilterChainProxy.java:186)
	at org.springframework.web.filter.DelegatingFilterProxy.invokeDelegate(DelegatingFilterProxy.java:354)
	at org.springframework.web.filter.DelegatingFilterProxy.doFilter(DelegatingFilterProxy.java:267)
	at org.apache.catalina.core.ApplicationFilterChain.internalDoFilter(ApplicationFilterChain.java:178)
	at org.apache.catalina.core.ApplicationFilterChain.doFilter(ApplicationFilterChain.java:153)
	at org.springframework.web.filter.RequestContextFilter.doFilterInternal(RequestContextFilter.java:100)
	at org.springframework.web.filter.OncePerRequestFilter.doFilter(OncePerRequestFilter.java:117)
	at org.apache.catalina.core.ApplicationFilterChain.internalDoFilter(ApplicationFilterChain.java:178)
	at org.apache.catalina.core.ApplicationFilterChain.doFilter(ApplicationFilterChain.java:153)
	at org.springframework.web.filter.FormContentFilter.doFilterInternal(FormContentFilter.java:93)
	at org.springframework.web.filter.OncePerRequestFilter.doFilter(OncePerRequestFilter.java:117)
	at org.apache.catalina.core.ApplicationFilterChain.internalDoFilter(ApplicationFilterChain.java:178)
	at org.apache.catalina.core.ApplicationFilterChain.doFilter(ApplicationFilterChain.java:153)
	at org.springframework.boot.actuate.metrics.web.servlet.WebMvcMetricsFilter.doFilterInternal(WebMvcMetricsFilter.java:96)
	at org.springframework.web.filter.OncePerRequestFilter.doFilter(OncePerRequestFilter.java:117)
	at org.apache.catalina.core.ApplicationFilterChain.internalDoFilter(ApplicationFilterChain.java:178)
	at org.apache.catalina.core.ApplicationFilterChain.doFilter(ApplicationFilterChain.java:153)
	at org.springframework.web.filter.CharacterEncodingFilter.doFilterInternal(CharacterEncodingFilter.java:201)
	at org.springframework.web.filter.OncePerRequestFilter.doFilter(OncePerRequestFilter.java:117)
	at org.apache.catalina.core.ApplicationFilterChain.internalDoFilter(ApplicationFilterChain.java:178)
	at org.apache.catalina.core.ApplicationFilterChain.doFilter(ApplicationFilterChain.java:153)
	at org.apache.catalina.core.StandardWrapperValve.invoke(StandardWrapperValve.java:167)
	at org.apache.catalina.core.StandardContextValve.invoke(StandardContextValve.java:90)
	at org.apache.catalina.authenticator.AuthenticatorBase.invoke(AuthenticatorBase.java:481)
	at org.apache.catalina.core.StandardHostValve.invoke(StandardHostValve.java:130)
	at org.apache.catalina.valves.ErrorReportValve.invoke(ErrorReportValve.java:93)
	at org.apache.catalina.core.StandardEngineValve.invoke(StandardEngineValve.java:74)
	at org.apache.catalina.connector.CoyoteAdapter.service(CoyoteAdapter.java:343)
	at org.apache.coyote.http11.Http11Processor.service(Http11Processor.java:390)
	at org.apache.coyote.AbstractProcessorLight.process(AbstractProcessorLight.java:63)
	at org.apache.coyote.AbstractProtocol$ConnectionHandler.process(AbstractProtocol.java:926)
	at org.apache.tomcat.util.net.NioEndpoint$SocketProcessor.doRun(NioEndpoint.java:1791)
	at org.apache.tomcat.util.net.SocketProcessorBase.run(SocketProcessorBase.java:52)
	at org.apache.tomcat.util.threads.ThreadPoolExecutor.runWorker(ThreadPoolExecutor.java:1191)
	at org.apache.tomcat.util.threads.ThreadPoolExecutor$Worker.run(ThreadPoolExecutor.java:659)
	at org.apache.tomcat.util.threads.TaskThread$WrappingRunnable.run(TaskThread.java:61)
	at java.base/java.lang.Thread.run(Thread.java:834)
2023-09-05 21:59:40,683 ERROR [http-nio-8080-exec-9] org.apache.catalina.core.ContainerBase.[Tomcat].[localhost].[/].[dispatcherServlet]:Servlet.service() for servlet [dispatcherServlet] in context with path [] threw exception [Request processing failed; nested exception is javax.validation.UnexpectedTypeException: HV000030: No validator could be found for constraint 'javax.validation.constraints.NotBlank' validating type 'java.time.LocalDate'. Check configuration for 'birthDate'] with root cause
javax.validation.UnexpectedTypeException: HV000030: No validator could be found for constraint 'javax.validation.constraints.NotBlank' validating type 'java.time.LocalDate'. Check configuration for 'birthDate'
	at org.hibernate.validator.internal.engine.constraintvalidation.ConstraintTree.getExceptionForNullValidator(ConstraintTree.java:116)
	at org.hibernate.validator.internal.engine.constraintvalidation.ConstraintTree.getInitializedConstraintValidator(ConstraintTree.java:162)
	at org.hibernate.validator.internal.engine.constraintvalidation.SimpleConstraintTree.validateConstraints(SimpleConstraintTree.java:54)
	at org.hibernate.validator.internal.engine.constraintvalidation.ConstraintTree.validateConstraints(ConstraintTree.java:75)
	at org.hibernate.validator.internal.metadata.core.MetaConstraint.doValidateConstraint(MetaConstraint.java:130)
	at org.hibernate.validator.internal.metadata.core.MetaConstraint.validateConstraint(MetaConstraint.java:123)
	at org.hibernate.validator.internal.engine.ValidatorImpl.validateMetaConstraint(ValidatorImpl.java:555)
	at org.hibernate.validator.internal.engine.ValidatorImpl.validateConstraintsForSingleDefaultGroupElement(ValidatorImpl.java:518)
	at org.hibernate.validator.internal.engine.ValidatorImpl.validateConstraintsForDefaultGroup(ValidatorImpl.java:488)
	at org.hibernate.validator.internal.engine.ValidatorImpl.validateConstraintsForCurrentGroup(ValidatorImpl.java:450)
	at org.hibernate.validator.internal.engine.ValidatorImpl.validateInContext(ValidatorImpl.java:400)
	at org.hibernate.validator.internal.engine.ValidatorImpl.validate(ValidatorImpl.java:172)
	at org.springframework.validation.beanvalidation.SpringValidatorAdapter.validate(SpringValidatorAdapter.java:109)
	at org.springframework.boot.autoconfigure.validation.ValidatorAdapter.validate(ValidatorAdapter.java:66)
	at org.springframework.validation.DataBinder.validate(DataBinder.java:933)
	at org.springframework.web.servlet.mvc.method.annotation.AbstractMessageConverterMethodArgumentResolver.validateIfApplicable(AbstractMessageConverterMethodArgumentResolver.java:250)
	at org.springframework.web.servlet.mvc.method.annotation.RequestResponseBodyMethodProcessor.resolveArgument(RequestResponseBodyMethodProcessor.java:139)
	at org.springframework.web.method.support.HandlerMethodArgumentResolverComposite.resolveArgument(HandlerMethodArgumentResolverComposite.java:122)
	at org.springframework.web.method.support.InvocableHandlerMethod.getMethodArgumentValues(InvocableHandlerMethod.java:179)
	at org.springframework.web.method.support.InvocableHandlerMethod.invokeForRequest(InvocableHandlerMethod.java:146)
	at org.springframework.web.servlet.mvc.method.annotation.ServletInvocableHandlerMethod.invokeAndHandle(ServletInvocableHandlerMethod.java:117)
	at org.springframework.web.servlet.mvc.method.annotation.RequestMappingHandlerAdapter.invokeHandlerMethod(RequestMappingHandlerAdapter.java:895)
	at org.springframework.web.servlet.mvc.method.annotation.RequestMappingHandlerAdapter.handleInternal(RequestMappingHandlerAdapter.java:808)
	at org.springframework.web.servlet.mvc.method.AbstractHandlerMethodAdapter.handle(AbstractHandlerMethodAdapter.java:87)
	at org.springframework.web.servlet.DispatcherServlet.doDispatch(DispatcherServlet.java:1072)
	at org.springframework.web.servlet.DispatcherServlet.doService(DispatcherServlet.java:965)
	at org.springframework.web.servlet.FrameworkServlet.processRequest(FrameworkServlet.java:1006)
	at org.springframework.web.servlet.FrameworkServlet.doPut(FrameworkServlet.java:920)
	at javax.servlet.http.HttpServlet.service(HttpServlet.java:558)
	at org.springframework.web.servlet.FrameworkServlet.service(FrameworkServlet.java:883)
	at javax.servlet.http.HttpServlet.service(HttpServlet.java:623)
	at org.apache.catalina.core.ApplicationFilterChain.internalDoFilter(ApplicationFilterChain.java:209)
	at org.apache.catalina.core.ApplicationFilterChain.doFilter(ApplicationFilterChain.java:153)
	at org.apache.tomcat.websocket.server.WsFilter.doFilter(WsFilter.java:51)
	at org.apache.catalina.core.ApplicationFilterChain.internalDoFilter(ApplicationFilterChain.java:178)
	at org.apache.catalina.core.ApplicationFilterChain.doFilter(ApplicationFilterChain.java:153)
	at org.springframework.web.filter.OncePerRequestFilter.doFilter(OncePerRequestFilter.java:111)
	at org.apache.catalina.core.ApplicationFilterChain.internalDoFilter(ApplicationFilterChain.java:178)
	at org.apache.catalina.core.ApplicationFilterChain.doFilter(ApplicationFilterChain.java:153)
	at org.springframework.security.web.FilterChainProxy$VirtualFilterChain.doFilter(FilterChainProxy.java:337)
	at org.springframework.security.web.access.intercept.FilterSecurityInterceptor.invoke(FilterSecurityInterceptor.java:115)
	at org.springframework.security.web.access.intercept.FilterSecurityInterceptor.doFilter(FilterSecurityInterceptor.java:81)
	at org.springframework.security.web.FilterChainProxy$VirtualFilterChain.doFilter(FilterChainProxy.java:346)
	at org.springframework.security.web.access.ExceptionTranslationFilter.doFilter(ExceptionTranslationFilter.java:122)
	at org.springframework.security.web.access.ExceptionTranslationFilter.doFilter(ExceptionTranslationFilter.java:116)
	at org.springframework.security.web.FilterChainProxy$VirtualFilterChain.doFilter(FilterChainProxy.java:346)
	at org.springframework.security.web.session.SessionManagementFilter.doFilter(SessionManagementFilter.java:126)
	at org.springframework.security.web.session.SessionManagementFilter.doFilter(SessionManagementFilter.java:81)
	at org.springframework.security.web.FilterChainProxy$VirtualFilterChain.doFilter(FilterChainProxy.java:346)
	at org.springframework.security.web.authentication.AnonymousAuthenticationFilter.doFilter(AnonymousAuthenticationFilter.java:109)
	at org.springframework.security.web.FilterChainProxy$VirtualFilterChain.doFilter(FilterChainProxy.java:346)
	at org.springframework.security.web.servletapi.SecurityContextHolderAwareRequestFilter.doFilter(SecurityContextHolderAwareRequestFilter.java:149)
	at org.springframework.security.web.FilterChainProxy$VirtualFilterChain.doFilter(FilterChainProxy.java:346)
	at org.springframework.security.web.savedrequest.RequestCacheAwareFilter.doFilter(RequestCacheAwareFilter.java:63)
	at org.springframework.security.web.FilterChainProxy$VirtualFilterChain.doFilter(FilterChainProxy.java:346)
	at com.cookerytech.security.jwt.AuthTokenFilter.doFilterInternal(AuthTokenFilter.java:49)
	at org.springframework.web.filter.OncePerRequestFilter.doFilter(OncePerRequestFilter.java:117)
	at org.springframework.security.web.FilterChainProxy$VirtualFilterChain.doFilter(FilterChainProxy.java:346)
	at org.springframework.security.web.authentication.logout.LogoutFilter.doFilter(LogoutFilter.java:103)
	at org.springframework.security.web.authentication.logout.LogoutFilter.doFilter(LogoutFilter.java:89)
	at org.springframework.security.web.FilterChainProxy$VirtualFilterChain.doFilter(FilterChainProxy.java:346)
	at org.springframework.security.web.header.HeaderWriterFilter.doHeadersAfter(HeaderWriterFilter.java:90)
	at org.springframework.security.web.header.HeaderWriterFilter.doFilterInternal(HeaderWriterFilter.java:75)
	at org.springframework.web.filter.OncePerRequestFilter.doFilter(OncePerRequestFilter.java:117)
	at org.springframework.security.web.FilterChainProxy$VirtualFilterChain.doFilter(FilterChainProxy.java:346)
	at org.springframework.security.web.context.SecurityContextPersistenceFilter.doFilter(SecurityContextPersistenceFilter.java:112)
	at org.springframework.security.web.context.SecurityContextPersistenceFilter.doFilter(SecurityContextPersistenceFilter.java:82)
	at org.springframework.security.web.FilterChainProxy$VirtualFilterChain.doFilter(FilterChainProxy.java:346)
	at org.springframework.security.web.context.request.async.WebAsyncManagerIntegrationFilter.doFilterInternal(WebAsyncManagerIntegrationFilter.java:55)
	at org.springframework.web.filter.OncePerRequestFilter.doFilter(OncePerRequestFilter.java:117)
	at org.springframework.security.web.FilterChainProxy$VirtualFilterChain.doFilter(FilterChainProxy.java:346)
	at org.springframework.security.web.session.DisableEncodeUrlFilter.doFilterInternal(DisableEncodeUrlFilter.java:42)
	at org.springframework.web.filter.OncePerRequestFilter.doFilter(OncePerRequestFilter.java:117)
	at org.springframework.security.web.FilterChainProxy$VirtualFilterChain.doFilter(FilterChainProxy.java:346)
	at org.springframework.security.web.FilterChainProxy.doFilterInternal(FilterChainProxy.java:221)
	at org.springframework.security.web.FilterChainProxy.doFilter(FilterChainProxy.java:186)
	at org.springframework.web.filter.DelegatingFilterProxy.invokeDelegate(DelegatingFilterProxy.java:354)
	at org.springframework.web.filter.DelegatingFilterProxy.doFilter(DelegatingFilterProxy.java:267)
	at org.apache.catalina.core.ApplicationFilterChain.internalDoFilter(ApplicationFilterChain.java:178)
	at org.apache.catalina.core.ApplicationFilterChain.doFilter(ApplicationFilterChain.java:153)
	at org.springframework.web.filter.RequestContextFilter.doFilterInternal(RequestContextFilter.java:100)
	at org.springframework.web.filter.OncePerRequestFilter.doFilter(OncePerRequestFilter.java:117)
	at org.apache.catalina.core.ApplicationFilterChain.internalDoFilter(ApplicationFilterChain.java:178)
	at org.apache.catalina.core.ApplicationFilterChain.doFilter(ApplicationFilterChain.java:153)
	at org.springframework.web.filter.FormContentFilter.doFilterInternal(FormContentFilter.java:93)
	at org.springframework.web.filter.OncePerRequestFilter.doFilter(OncePerRequestFilter.java:117)
	at org.apache.catalina.core.ApplicationFilterChain.internalDoFilter(ApplicationFilterChain.java:178)
	at org.apache.catalina.core.ApplicationFilterChain.doFilter(ApplicationFilterChain.java:153)
	at org.springframework.boot.actuate.metrics.web.servlet.WebMvcMetricsFilter.doFilterInternal(WebMvcMetricsFilter.java:96)
	at org.springframework.web.filter.OncePerRequestFilter.doFilter(OncePerRequestFilter.java:117)
	at org.apache.catalina.core.ApplicationFilterChain.internalDoFilter(ApplicationFilterChain.java:178)
	at org.apache.catalina.core.ApplicationFilterChain.doFilter(ApplicationFilterChain.java:153)
	at org.springframework.web.filter.CharacterEncodingFilter.doFilterInternal(CharacterEncodingFilter.java:201)
	at org.springframework.web.filter.OncePerRequestFilter.doFilter(OncePerRequestFilter.java:117)
	at org.apache.catalina.core.ApplicationFilterChain.internalDoFilter(ApplicationFilterChain.java:178)
	at org.apache.catalina.core.ApplicationFilterChain.doFilter(ApplicationFilterChain.java:153)
	at org.apache.catalina.core.StandardWrapperValve.invoke(StandardWrapperValve.java:167)
	at org.apache.catalina.core.StandardContextValve.invoke(StandardContextValve.java:90)
	at org.apache.catalina.authenticator.AuthenticatorBase.invoke(AuthenticatorBase.java:481)
	at org.apache.catalina.core.StandardHostValve.invoke(StandardHostValve.java:130)
	at org.apache.catalina.valves.ErrorReportValve.invoke(ErrorReportValve.java:93)
	at org.apache.catalina.core.StandardEngineValve.invoke(StandardEngineValve.java:74)
	at org.apache.catalina.connector.CoyoteAdapter.service(CoyoteAdapter.java:343)
	at org.apache.coyote.http11.Http11Processor.service(Http11Processor.java:390)
	at org.apache.coyote.AbstractProcessorLight.process(AbstractProcessorLight.java:63)
	at org.apache.coyote.AbstractProtocol$ConnectionHandler.process(AbstractProtocol.java:926)
	at org.apache.tomcat.util.net.NioEndpoint$SocketProcessor.doRun(NioEndpoint.java:1791)
	at org.apache.tomcat.util.net.SocketProcessorBase.run(SocketProcessorBase.java:52)
	at org.apache.tomcat.util.threads.ThreadPoolExecutor.runWorker(ThreadPoolExecutor.java:1191)
	at org.apache.tomcat.util.threads.ThreadPoolExecutor$Worker.run(ThreadPoolExecutor.java:659)
	at org.apache.tomcat.util.threads.TaskThread$WrappingRunnable.run(TaskThread.java:61)
	at java.base/java.lang.Thread.run(Thread.java:834)
2023-09-05 22:03:43,108 INFO  [SpringApplicationShutdownHook] org.springframework.orm.jpa.LocalContainerEntityManagerFactoryBean:Closing JPA EntityManagerFactory for persistence unit 'default'
2023-09-05 22:03:43,127 INFO  [SpringApplicationShutdownHook] com.zaxxer.hikari.HikariDataSource:HikariPool-1 - Shutdown initiated...
2023-09-05 22:03:43,141 INFO  [SpringApplicationShutdownHook] com.zaxxer.hikari.HikariDataSource:HikariPool-1 - Shutdown completed.
2023-09-05 22:04:19,577 INFO  [restartedMain] com.cookerytech.CookerytechApplication:Starting CookerytechApplication using Java 11.0.9 on Atlgan-MacBook-Air.local with PID 5408 (/Users/atilgansahinulasan/IdeaProjects/cookerytech01/target/classes started by atilgansahinulasan in /Users/atilgansahinulasan/IdeaProjects/cookerytech01)
2023-09-05 22:04:19,580 INFO  [restartedMain] com.cookerytech.CookerytechApplication:No active profile set, falling back to 1 default profile: "default"
2023-09-05 22:04:19,684 INFO  [restartedMain] org.springframework.boot.devtools.env.DevToolsPropertyDefaultsPostProcessor:Devtools property defaults active! Set 'spring.devtools.add-properties' to 'false' to disable
2023-09-05 22:04:19,685 INFO  [restartedMain] org.springframework.boot.devtools.env.DevToolsPropertyDefaultsPostProcessor:For additional web related logging consider setting the 'logging.level.web' property to 'DEBUG'
2023-09-05 22:04:21,699 INFO  [restartedMain] org.springframework.data.repository.config.RepositoryConfigurationDelegate:Bootstrapping Spring Data JPA repositories in DEFAULT mode.
2023-09-05 22:04:21,867 INFO  [restartedMain] org.springframework.data.repository.config.RepositoryConfigurationDelegate:Finished Spring Data repository scanning in 162 ms. Found 15 JPA repository interfaces.
2023-09-05 22:04:22,846 INFO  [restartedMain] org.springframework.boot.web.embedded.tomcat.TomcatWebServer:Tomcat initialized with port(s): 8080 (http)
2023-09-05 22:04:22,858 INFO  [restartedMain] org.apache.catalina.core.StandardService:Starting service [Tomcat]
2023-09-05 22:04:22,858 INFO  [restartedMain] org.apache.catalina.core.StandardEngine:Starting Servlet engine: [Apache Tomcat/9.0.78]
2023-09-05 22:04:22,947 INFO  [restartedMain] org.apache.catalina.core.ContainerBase.[Tomcat].[localhost].[/]:Initializing Spring embedded WebApplicationContext
2023-09-05 22:04:22,947 INFO  [restartedMain] org.springframework.boot.web.servlet.context.ServletWebServerApplicationContext:Root WebApplicationContext: initialization completed in 3262 ms
2023-09-05 22:04:23,357 INFO  [restartedMain] org.hibernate.jpa.internal.util.LogHelper:HHH000204: Processing PersistenceUnitInfo [name: default]
2023-09-05 22:04:23,386 INFO  [restartedMain] org.hibernate.Version:HHH000412: Hibernate ORM core version 5.6.15.Final
2023-09-05 22:04:23,556 INFO  [restartedMain] org.hibernate.annotations.common.Version:HCANN000001: Hibernate Commons Annotations {5.1.2.Final}
2023-09-05 22:04:23,642 INFO  [restartedMain] com.zaxxer.hikari.HikariDataSource:HikariPool-1 - Starting...
2023-09-05 22:04:23,794 INFO  [restartedMain] com.zaxxer.hikari.HikariDataSource:HikariPool-1 - Start completed.
2023-09-05 22:04:23,808 INFO  [restartedMain] org.hibernate.dialect.Dialect:HHH000400: Using dialect: org.hibernate.dialect.PostgreSQLDialect
2023-09-05 22:04:25,328 INFO  [restartedMain] org.hibernate.engine.transaction.jta.platform.internal.JtaPlatformInitiator:HHH000490: Using JtaPlatform implementation: [org.hibernate.engine.transaction.jta.platform.internal.NoJtaPlatform]
2023-09-05 22:04:25,341 INFO  [restartedMain] org.springframework.orm.jpa.LocalContainerEntityManagerFactoryBean:Initialized JPA EntityManagerFactory for persistence unit 'default'
2023-09-05 22:04:27,039 INFO  [restartedMain] org.springframework.security.web.DefaultSecurityFilterChain:Will secure any request with [org.springframework.security.web.session.DisableEncodeUrlFilter@73b70f4c, org.springframework.security.web.context.request.async.WebAsyncManagerIntegrationFilter@f9cf0cb, org.springframework.security.web.context.SecurityContextPersistenceFilter@52eed990, org.springframework.security.web.header.HeaderWriterFilter@7f1abf83, org.springframework.security.web.authentication.logout.LogoutFilter@69183b97, com.cookerytech.security.jwt.AuthTokenFilter@37fc9c3, org.springframework.security.web.savedrequest.RequestCacheAwareFilter@3f1f611e, org.springframework.security.web.servletapi.SecurityContextHolderAwareRequestFilter@2db7fbeb, org.springframework.security.web.authentication.AnonymousAuthenticationFilter@3e684cc1, org.springframework.security.web.session.SessionManagementFilter@2603c7be, org.springframework.security.web.access.ExceptionTranslationFilter@3e220752, org.springframework.security.web.access.intercept.FilterSecurityInterceptor@74a10ec7]
2023-09-05 22:04:27,167 WARN  [restartedMain] org.springframework.boot.autoconfigure.orm.jpa.JpaBaseConfiguration$JpaWebConfiguration:spring.jpa.open-in-view is enabled by default. Therefore, database queries may be performed during view rendering. Explicitly configure spring.jpa.open-in-view to disable this warning
2023-09-05 22:04:28,782 WARN  [restartedMain] org.springframework.security.config.annotation.web.builders.WebSecurity:You are asking Spring Security to ignore Ant [pattern='/v3/api-docs/**']. This is not recommended -- please use permitAll via HttpSecurity#authorizeHttpRequests instead.
2023-09-05 22:04:28,783 INFO  [restartedMain] org.springframework.security.web.DefaultSecurityFilterChain:Will not secure Ant [pattern='/v3/api-docs/**']
2023-09-05 22:04:28,783 WARN  [restartedMain] org.springframework.security.config.annotation.web.builders.WebSecurity:You are asking Spring Security to ignore Ant [pattern='swagger-ui.html']. This is not recommended -- please use permitAll via HttpSecurity#authorizeHttpRequests instead.
2023-09-05 22:04:28,783 INFO  [restartedMain] org.springframework.security.web.DefaultSecurityFilterChain:Will not secure Ant [pattern='swagger-ui.html']
2023-09-05 22:04:28,783 WARN  [restartedMain] org.springframework.security.config.annotation.web.builders.WebSecurity:You are asking Spring Security to ignore Ant [pattern='/swagger-ui/**']. This is not recommended -- please use permitAll via HttpSecurity#authorizeHttpRequests instead.
2023-09-05 22:04:28,783 INFO  [restartedMain] org.springframework.security.web.DefaultSecurityFilterChain:Will not secure Ant [pattern='/swagger-ui/**']
2023-09-05 22:04:28,783 WARN  [restartedMain] org.springframework.security.config.annotation.web.builders.WebSecurity:You are asking Spring Security to ignore Ant [pattern='/']. This is not recommended -- please use permitAll via HttpSecurity#authorizeHttpRequests instead.
2023-09-05 22:04:28,783 INFO  [restartedMain] org.springframework.security.web.DefaultSecurityFilterChain:Will not secure Ant [pattern='/']
2023-09-05 22:04:28,783 WARN  [restartedMain] org.springframework.security.config.annotation.web.builders.WebSecurity:You are asking Spring Security to ignore Ant [pattern='index.html']. This is not recommended -- please use permitAll via HttpSecurity#authorizeHttpRequests instead.
2023-09-05 22:04:28,783 INFO  [restartedMain] org.springframework.security.web.DefaultSecurityFilterChain:Will not secure Ant [pattern='index.html']
2023-09-05 22:04:28,783 WARN  [restartedMain] org.springframework.security.config.annotation.web.builders.WebSecurity:You are asking Spring Security to ignore Ant [pattern='/images/**']. This is not recommended -- please use permitAll via HttpSecurity#authorizeHttpRequests instead.
2023-09-05 22:04:28,783 INFO  [restartedMain] org.springframework.security.web.DefaultSecurityFilterChain:Will not secure Ant [pattern='/images/**']
2023-09-05 22:04:28,784 WARN  [restartedMain] org.springframework.security.config.annotation.web.builders.WebSecurity:You are asking Spring Security to ignore Ant [pattern='/css/**']. This is not recommended -- please use permitAll via HttpSecurity#authorizeHttpRequests instead.
2023-09-05 22:04:28,784 INFO  [restartedMain] org.springframework.security.web.DefaultSecurityFilterChain:Will not secure Ant [pattern='/css/**']
2023-09-05 22:04:28,784 WARN  [restartedMain] org.springframework.security.config.annotation.web.builders.WebSecurity:You are asking Spring Security to ignore Ant [pattern='/js/**']. This is not recommended -- please use permitAll via HttpSecurity#authorizeHttpRequests instead.
2023-09-05 22:04:28,784 INFO  [restartedMain] org.springframework.security.web.DefaultSecurityFilterChain:Will not secure Ant [pattern='/js/**']
2023-09-05 22:04:28,815 INFO  [restartedMain] org.springframework.boot.devtools.autoconfigure.OptionalLiveReloadServer:LiveReload server is running on port 35729
2023-09-05 22:04:28,823 INFO  [restartedMain] org.springframework.boot.actuate.endpoint.web.EndpointLinksResolver:Exposing 14 endpoint(s) beneath base path '/actuator'
2023-09-05 22:04:28,882 INFO  [restartedMain] org.springframework.boot.web.embedded.tomcat.TomcatWebServer:Tomcat started on port(s): 8080 (http) with context path ''
2023-09-05 22:04:28,914 INFO  [restartedMain] com.cookerytech.CookerytechApplication:Started CookerytechApplication in 10.266 seconds (JVM running for 11.022)
2023-09-05 22:04:57,472 INFO  [http-nio-8080-exec-1] org.apache.catalina.core.ContainerBase.[Tomcat].[localhost].[/]:Initializing Spring DispatcherServlet 'dispatcherServlet'
2023-09-05 22:04:57,792 ERROR [http-nio-8080-exec-1] org.apache.catalina.core.ContainerBase.[Tomcat].[localhost].[/].[dispatcherServlet]:Servlet.service() for servlet [dispatcherServlet] in context with path [] threw exception [Request processing failed; nested exception is javax.validation.UnexpectedTypeException: HV000030: No validator could be found for constraint 'javax.validation.constraints.NotBlank' validating type 'java.time.LocalDate'. Check configuration for 'birthDate'] with root cause
javax.validation.UnexpectedTypeException: HV000030: No validator could be found for constraint 'javax.validation.constraints.NotBlank' validating type 'java.time.LocalDate'. Check configuration for 'birthDate'
	at org.hibernate.validator.internal.engine.constraintvalidation.ConstraintTree.getExceptionForNullValidator(ConstraintTree.java:116)
	at org.hibernate.validator.internal.engine.constraintvalidation.ConstraintTree.getInitializedConstraintValidator(ConstraintTree.java:162)
	at org.hibernate.validator.internal.engine.constraintvalidation.SimpleConstraintTree.validateConstraints(SimpleConstraintTree.java:54)
	at org.hibernate.validator.internal.engine.constraintvalidation.ConstraintTree.validateConstraints(ConstraintTree.java:75)
	at org.hibernate.validator.internal.metadata.core.MetaConstraint.doValidateConstraint(MetaConstraint.java:130)
	at org.hibernate.validator.internal.metadata.core.MetaConstraint.validateConstraint(MetaConstraint.java:123)
	at org.hibernate.validator.internal.engine.ValidatorImpl.validateMetaConstraint(ValidatorImpl.java:555)
	at org.hibernate.validator.internal.engine.ValidatorImpl.validateConstraintsForSingleDefaultGroupElement(ValidatorImpl.java:518)
	at org.hibernate.validator.internal.engine.ValidatorImpl.validateConstraintsForDefaultGroup(ValidatorImpl.java:488)
	at org.hibernate.validator.internal.engine.ValidatorImpl.validateConstraintsForCurrentGroup(ValidatorImpl.java:450)
	at org.hibernate.validator.internal.engine.ValidatorImpl.validateInContext(ValidatorImpl.java:400)
	at org.hibernate.validator.internal.engine.ValidatorImpl.validate(ValidatorImpl.java:172)
	at org.springframework.validation.beanvalidation.SpringValidatorAdapter.validate(SpringValidatorAdapter.java:109)
	at org.springframework.boot.autoconfigure.validation.ValidatorAdapter.validate(ValidatorAdapter.java:66)
	at org.springframework.validation.DataBinder.validate(DataBinder.java:933)
	at org.springframework.web.servlet.mvc.method.annotation.AbstractMessageConverterMethodArgumentResolver.validateIfApplicable(AbstractMessageConverterMethodArgumentResolver.java:250)
	at org.springframework.web.servlet.mvc.method.annotation.RequestResponseBodyMethodProcessor.resolveArgument(RequestResponseBodyMethodProcessor.java:139)
	at org.springframework.web.method.support.HandlerMethodArgumentResolverComposite.resolveArgument(HandlerMethodArgumentResolverComposite.java:122)
	at org.springframework.web.method.support.InvocableHandlerMethod.getMethodArgumentValues(InvocableHandlerMethod.java:179)
	at org.springframework.web.method.support.InvocableHandlerMethod.invokeForRequest(InvocableHandlerMethod.java:146)
	at org.springframework.web.servlet.mvc.method.annotation.ServletInvocableHandlerMethod.invokeAndHandle(ServletInvocableHandlerMethod.java:117)
	at org.springframework.web.servlet.mvc.method.annotation.RequestMappingHandlerAdapter.invokeHandlerMethod(RequestMappingHandlerAdapter.java:895)
	at org.springframework.web.servlet.mvc.method.annotation.RequestMappingHandlerAdapter.handleInternal(RequestMappingHandlerAdapter.java:808)
	at org.springframework.web.servlet.mvc.method.AbstractHandlerMethodAdapter.handle(AbstractHandlerMethodAdapter.java:87)
	at org.springframework.web.servlet.DispatcherServlet.doDispatch(DispatcherServlet.java:1072)
	at org.springframework.web.servlet.DispatcherServlet.doService(DispatcherServlet.java:965)
	at org.springframework.web.servlet.FrameworkServlet.processRequest(FrameworkServlet.java:1006)
	at org.springframework.web.servlet.FrameworkServlet.doPut(FrameworkServlet.java:920)
	at javax.servlet.http.HttpServlet.service(HttpServlet.java:558)
	at org.springframework.web.servlet.FrameworkServlet.service(FrameworkServlet.java:883)
	at javax.servlet.http.HttpServlet.service(HttpServlet.java:623)
	at org.apache.catalina.core.ApplicationFilterChain.internalDoFilter(ApplicationFilterChain.java:209)
	at org.apache.catalina.core.ApplicationFilterChain.doFilter(ApplicationFilterChain.java:153)
	at org.apache.tomcat.websocket.server.WsFilter.doFilter(WsFilter.java:51)
	at org.apache.catalina.core.ApplicationFilterChain.internalDoFilter(ApplicationFilterChain.java:178)
	at org.apache.catalina.core.ApplicationFilterChain.doFilter(ApplicationFilterChain.java:153)
	at org.springframework.web.filter.OncePerRequestFilter.doFilter(OncePerRequestFilter.java:111)
	at org.apache.catalina.core.ApplicationFilterChain.internalDoFilter(ApplicationFilterChain.java:178)
	at org.apache.catalina.core.ApplicationFilterChain.doFilter(ApplicationFilterChain.java:153)
	at org.springframework.security.web.FilterChainProxy$VirtualFilterChain.doFilter(FilterChainProxy.java:337)
	at org.springframework.security.web.access.intercept.FilterSecurityInterceptor.invoke(FilterSecurityInterceptor.java:115)
	at org.springframework.security.web.access.intercept.FilterSecurityInterceptor.doFilter(FilterSecurityInterceptor.java:81)
	at org.springframework.security.web.FilterChainProxy$VirtualFilterChain.doFilter(FilterChainProxy.java:346)
	at org.springframework.security.web.access.ExceptionTranslationFilter.doFilter(ExceptionTranslationFilter.java:122)
	at org.springframework.security.web.access.ExceptionTranslationFilter.doFilter(ExceptionTranslationFilter.java:116)
	at org.springframework.security.web.FilterChainProxy$VirtualFilterChain.doFilter(FilterChainProxy.java:346)
	at org.springframework.security.web.session.SessionManagementFilter.doFilter(SessionManagementFilter.java:126)
	at org.springframework.security.web.session.SessionManagementFilter.doFilter(SessionManagementFilter.java:81)
	at org.springframework.security.web.FilterChainProxy$VirtualFilterChain.doFilter(FilterChainProxy.java:346)
	at org.springframework.security.web.authentication.AnonymousAuthenticationFilter.doFilter(AnonymousAuthenticationFilter.java:109)
	at org.springframework.security.web.FilterChainProxy$VirtualFilterChain.doFilter(FilterChainProxy.java:346)
	at org.springframework.security.web.servletapi.SecurityContextHolderAwareRequestFilter.doFilter(SecurityContextHolderAwareRequestFilter.java:149)
	at org.springframework.security.web.FilterChainProxy$VirtualFilterChain.doFilter(FilterChainProxy.java:346)
	at org.springframework.security.web.savedrequest.RequestCacheAwareFilter.doFilter(RequestCacheAwareFilter.java:63)
	at org.springframework.security.web.FilterChainProxy$VirtualFilterChain.doFilter(FilterChainProxy.java:346)
	at com.cookerytech.security.jwt.AuthTokenFilter.doFilterInternal(AuthTokenFilter.java:49)
	at org.springframework.web.filter.OncePerRequestFilter.doFilter(OncePerRequestFilter.java:117)
	at org.springframework.security.web.FilterChainProxy$VirtualFilterChain.doFilter(FilterChainProxy.java:346)
	at org.springframework.security.web.authentication.logout.LogoutFilter.doFilter(LogoutFilter.java:103)
	at org.springframework.security.web.authentication.logout.LogoutFilter.doFilter(LogoutFilter.java:89)
	at org.springframework.security.web.FilterChainProxy$VirtualFilterChain.doFilter(FilterChainProxy.java:346)
	at org.springframework.security.web.header.HeaderWriterFilter.doHeadersAfter(HeaderWriterFilter.java:90)
	at org.springframework.security.web.header.HeaderWriterFilter.doFilterInternal(HeaderWriterFilter.java:75)
	at org.springframework.web.filter.OncePerRequestFilter.doFilter(OncePerRequestFilter.java:117)
	at org.springframework.security.web.FilterChainProxy$VirtualFilterChain.doFilter(FilterChainProxy.java:346)
	at org.springframework.security.web.context.SecurityContextPersistenceFilter.doFilter(SecurityContextPersistenceFilter.java:112)
	at org.springframework.security.web.context.SecurityContextPersistenceFilter.doFilter(SecurityContextPersistenceFilter.java:82)
	at org.springframework.security.web.FilterChainProxy$VirtualFilterChain.doFilter(FilterChainProxy.java:346)
	at org.springframework.security.web.context.request.async.WebAsyncManagerIntegrationFilter.doFilterInternal(WebAsyncManagerIntegrationFilter.java:55)
	at org.springframework.web.filter.OncePerRequestFilter.doFilter(OncePerRequestFilter.java:117)
	at org.springframework.security.web.FilterChainProxy$VirtualFilterChain.doFilter(FilterChainProxy.java:346)
	at org.springframework.security.web.session.DisableEncodeUrlFilter.doFilterInternal(DisableEncodeUrlFilter.java:42)
	at org.springframework.web.filter.OncePerRequestFilter.doFilter(OncePerRequestFilter.java:117)
	at org.springframework.security.web.FilterChainProxy$VirtualFilterChain.doFilter(FilterChainProxy.java:346)
	at org.springframework.security.web.FilterChainProxy.doFilterInternal(FilterChainProxy.java:221)
	at org.springframework.security.web.FilterChainProxy.doFilter(FilterChainProxy.java:186)
	at org.springframework.web.filter.DelegatingFilterProxy.invokeDelegate(DelegatingFilterProxy.java:354)
	at org.springframework.web.filter.DelegatingFilterProxy.doFilter(DelegatingFilterProxy.java:267)
	at org.apache.catalina.core.ApplicationFilterChain.internalDoFilter(ApplicationFilterChain.java:178)
	at org.apache.catalina.core.ApplicationFilterChain.doFilter(ApplicationFilterChain.java:153)
	at org.springframework.web.filter.RequestContextFilter.doFilterInternal(RequestContextFilter.java:100)
	at org.springframework.web.filter.OncePerRequestFilter.doFilter(OncePerRequestFilter.java:117)
	at org.apache.catalina.core.ApplicationFilterChain.internalDoFilter(ApplicationFilterChain.java:178)
	at org.apache.catalina.core.ApplicationFilterChain.doFilter(ApplicationFilterChain.java:153)
	at org.springframework.web.filter.FormContentFilter.doFilterInternal(FormContentFilter.java:93)
	at org.springframework.web.filter.OncePerRequestFilter.doFilter(OncePerRequestFilter.java:117)
	at org.apache.catalina.core.ApplicationFilterChain.internalDoFilter(ApplicationFilterChain.java:178)
	at org.apache.catalina.core.ApplicationFilterChain.doFilter(ApplicationFilterChain.java:153)
	at org.springframework.boot.actuate.metrics.web.servlet.WebMvcMetricsFilter.doFilterInternal(WebMvcMetricsFilter.java:96)
	at org.springframework.web.filter.OncePerRequestFilter.doFilter(OncePerRequestFilter.java:117)
	at org.apache.catalina.core.ApplicationFilterChain.internalDoFilter(ApplicationFilterChain.java:178)
	at org.apache.catalina.core.ApplicationFilterChain.doFilter(ApplicationFilterChain.java:153)
	at org.springframework.web.filter.CharacterEncodingFilter.doFilterInternal(CharacterEncodingFilter.java:201)
	at org.springframework.web.filter.OncePerRequestFilter.doFilter(OncePerRequestFilter.java:117)
	at org.apache.catalina.core.ApplicationFilterChain.internalDoFilter(ApplicationFilterChain.java:178)
	at org.apache.catalina.core.ApplicationFilterChain.doFilter(ApplicationFilterChain.java:153)
	at org.apache.catalina.core.StandardWrapperValve.invoke(StandardWrapperValve.java:167)
	at org.apache.catalina.core.StandardContextValve.invoke(StandardContextValve.java:90)
	at org.apache.catalina.authenticator.AuthenticatorBase.invoke(AuthenticatorBase.java:481)
	at org.apache.catalina.core.StandardHostValve.invoke(StandardHostValve.java:130)
	at org.apache.catalina.valves.ErrorReportValve.invoke(ErrorReportValve.java:93)
	at org.apache.catalina.core.StandardEngineValve.invoke(StandardEngineValve.java:74)
	at org.apache.catalina.connector.CoyoteAdapter.service(CoyoteAdapter.java:343)
	at org.apache.coyote.http11.Http11Processor.service(Http11Processor.java:390)
	at org.apache.coyote.AbstractProcessorLight.process(AbstractProcessorLight.java:63)
	at org.apache.coyote.AbstractProtocol$ConnectionHandler.process(AbstractProtocol.java:926)
	at org.apache.tomcat.util.net.NioEndpoint$SocketProcessor.doRun(NioEndpoint.java:1791)
	at org.apache.tomcat.util.net.SocketProcessorBase.run(SocketProcessorBase.java:52)
	at org.apache.tomcat.util.threads.ThreadPoolExecutor.runWorker(ThreadPoolExecutor.java:1191)
	at org.apache.tomcat.util.threads.ThreadPoolExecutor$Worker.run(ThreadPoolExecutor.java:659)
	at org.apache.tomcat.util.threads.TaskThread$WrappingRunnable.run(TaskThread.java:61)
	at java.base/java.lang.Thread.run(Thread.java:834)
2023-09-05 22:05:02,347 ERROR [http-nio-8080-exec-4] org.apache.catalina.core.ContainerBase.[Tomcat].[localhost].[/].[dispatcherServlet]:Servlet.service() for servlet [dispatcherServlet] in context with path [] threw exception [Request processing failed; nested exception is javax.validation.UnexpectedTypeException: HV000030: No validator could be found for constraint 'javax.validation.constraints.NotBlank' validating type 'java.time.LocalDate'. Check configuration for 'birthDate'] with root cause
javax.validation.UnexpectedTypeException: HV000030: No validator could be found for constraint 'javax.validation.constraints.NotBlank' validating type 'java.time.LocalDate'. Check configuration for 'birthDate'
	at org.hibernate.validator.internal.engine.constraintvalidation.ConstraintTree.getExceptionForNullValidator(ConstraintTree.java:116)
	at org.hibernate.validator.internal.engine.constraintvalidation.ConstraintTree.getInitializedConstraintValidator(ConstraintTree.java:162)
	at org.hibernate.validator.internal.engine.constraintvalidation.SimpleConstraintTree.validateConstraints(SimpleConstraintTree.java:54)
	at org.hibernate.validator.internal.engine.constraintvalidation.ConstraintTree.validateConstraints(ConstraintTree.java:75)
	at org.hibernate.validator.internal.metadata.core.MetaConstraint.doValidateConstraint(MetaConstraint.java:130)
	at org.hibernate.validator.internal.metadata.core.MetaConstraint.validateConstraint(MetaConstraint.java:123)
	at org.hibernate.validator.internal.engine.ValidatorImpl.validateMetaConstraint(ValidatorImpl.java:555)
	at org.hibernate.validator.internal.engine.ValidatorImpl.validateConstraintsForSingleDefaultGroupElement(ValidatorImpl.java:518)
	at org.hibernate.validator.internal.engine.ValidatorImpl.validateConstraintsForDefaultGroup(ValidatorImpl.java:488)
	at org.hibernate.validator.internal.engine.ValidatorImpl.validateConstraintsForCurrentGroup(ValidatorImpl.java:450)
	at org.hibernate.validator.internal.engine.ValidatorImpl.validateInContext(ValidatorImpl.java:400)
	at org.hibernate.validator.internal.engine.ValidatorImpl.validate(ValidatorImpl.java:172)
	at org.springframework.validation.beanvalidation.SpringValidatorAdapter.validate(SpringValidatorAdapter.java:109)
	at org.springframework.boot.autoconfigure.validation.ValidatorAdapter.validate(ValidatorAdapter.java:66)
	at org.springframework.validation.DataBinder.validate(DataBinder.java:933)
	at org.springframework.web.servlet.mvc.method.annotation.AbstractMessageConverterMethodArgumentResolver.validateIfApplicable(AbstractMessageConverterMethodArgumentResolver.java:250)
	at org.springframework.web.servlet.mvc.method.annotation.RequestResponseBodyMethodProcessor.resolveArgument(RequestResponseBodyMethodProcessor.java:139)
	at org.springframework.web.method.support.HandlerMethodArgumentResolverComposite.resolveArgument(HandlerMethodArgumentResolverComposite.java:122)
	at org.springframework.web.method.support.InvocableHandlerMethod.getMethodArgumentValues(InvocableHandlerMethod.java:179)
	at org.springframework.web.method.support.InvocableHandlerMethod.invokeForRequest(InvocableHandlerMethod.java:146)
	at org.springframework.web.servlet.mvc.method.annotation.ServletInvocableHandlerMethod.invokeAndHandle(ServletInvocableHandlerMethod.java:117)
	at org.springframework.web.servlet.mvc.method.annotation.RequestMappingHandlerAdapter.invokeHandlerMethod(RequestMappingHandlerAdapter.java:895)
	at org.springframework.web.servlet.mvc.method.annotation.RequestMappingHandlerAdapter.handleInternal(RequestMappingHandlerAdapter.java:808)
	at org.springframework.web.servlet.mvc.method.AbstractHandlerMethodAdapter.handle(AbstractHandlerMethodAdapter.java:87)
	at org.springframework.web.servlet.DispatcherServlet.doDispatch(DispatcherServlet.java:1072)
	at org.springframework.web.servlet.DispatcherServlet.doService(DispatcherServlet.java:965)
	at org.springframework.web.servlet.FrameworkServlet.processRequest(FrameworkServlet.java:1006)
	at org.springframework.web.servlet.FrameworkServlet.doPut(FrameworkServlet.java:920)
	at javax.servlet.http.HttpServlet.service(HttpServlet.java:558)
	at org.springframework.web.servlet.FrameworkServlet.service(FrameworkServlet.java:883)
	at javax.servlet.http.HttpServlet.service(HttpServlet.java:623)
	at org.apache.catalina.core.ApplicationFilterChain.internalDoFilter(ApplicationFilterChain.java:209)
	at org.apache.catalina.core.ApplicationFilterChain.doFilter(ApplicationFilterChain.java:153)
	at org.apache.tomcat.websocket.server.WsFilter.doFilter(WsFilter.java:51)
	at org.apache.catalina.core.ApplicationFilterChain.internalDoFilter(ApplicationFilterChain.java:178)
	at org.apache.catalina.core.ApplicationFilterChain.doFilter(ApplicationFilterChain.java:153)
	at org.springframework.web.filter.OncePerRequestFilter.doFilter(OncePerRequestFilter.java:111)
	at org.apache.catalina.core.ApplicationFilterChain.internalDoFilter(ApplicationFilterChain.java:178)
	at org.apache.catalina.core.ApplicationFilterChain.doFilter(ApplicationFilterChain.java:153)
	at org.springframework.security.web.FilterChainProxy$VirtualFilterChain.doFilter(FilterChainProxy.java:337)
	at org.springframework.security.web.access.intercept.FilterSecurityInterceptor.invoke(FilterSecurityInterceptor.java:115)
	at org.springframework.security.web.access.intercept.FilterSecurityInterceptor.doFilter(FilterSecurityInterceptor.java:81)
	at org.springframework.security.web.FilterChainProxy$VirtualFilterChain.doFilter(FilterChainProxy.java:346)
	at org.springframework.security.web.access.ExceptionTranslationFilter.doFilter(ExceptionTranslationFilter.java:122)
	at org.springframework.security.web.access.ExceptionTranslationFilter.doFilter(ExceptionTranslationFilter.java:116)
	at org.springframework.security.web.FilterChainProxy$VirtualFilterChain.doFilter(FilterChainProxy.java:346)
	at org.springframework.security.web.session.SessionManagementFilter.doFilter(SessionManagementFilter.java:126)
	at org.springframework.security.web.session.SessionManagementFilter.doFilter(SessionManagementFilter.java:81)
	at org.springframework.security.web.FilterChainProxy$VirtualFilterChain.doFilter(FilterChainProxy.java:346)
	at org.springframework.security.web.authentication.AnonymousAuthenticationFilter.doFilter(AnonymousAuthenticationFilter.java:109)
	at org.springframework.security.web.FilterChainProxy$VirtualFilterChain.doFilter(FilterChainProxy.java:346)
	at org.springframework.security.web.servletapi.SecurityContextHolderAwareRequestFilter.doFilter(SecurityContextHolderAwareRequestFilter.java:149)
	at org.springframework.security.web.FilterChainProxy$VirtualFilterChain.doFilter(FilterChainProxy.java:346)
	at org.springframework.security.web.savedrequest.RequestCacheAwareFilter.doFilter(RequestCacheAwareFilter.java:63)
	at org.springframework.security.web.FilterChainProxy$VirtualFilterChain.doFilter(FilterChainProxy.java:346)
	at com.cookerytech.security.jwt.AuthTokenFilter.doFilterInternal(AuthTokenFilter.java:49)
	at org.springframework.web.filter.OncePerRequestFilter.doFilter(OncePerRequestFilter.java:117)
	at org.springframework.security.web.FilterChainProxy$VirtualFilterChain.doFilter(FilterChainProxy.java:346)
	at org.springframework.security.web.authentication.logout.LogoutFilter.doFilter(LogoutFilter.java:103)
	at org.springframework.security.web.authentication.logout.LogoutFilter.doFilter(LogoutFilter.java:89)
	at org.springframework.security.web.FilterChainProxy$VirtualFilterChain.doFilter(FilterChainProxy.java:346)
	at org.springframework.security.web.header.HeaderWriterFilter.doHeadersAfter(HeaderWriterFilter.java:90)
	at org.springframework.security.web.header.HeaderWriterFilter.doFilterInternal(HeaderWriterFilter.java:75)
	at org.springframework.web.filter.OncePerRequestFilter.doFilter(OncePerRequestFilter.java:117)
	at org.springframework.security.web.FilterChainProxy$VirtualFilterChain.doFilter(FilterChainProxy.java:346)
	at org.springframework.security.web.context.SecurityContextPersistenceFilter.doFilter(SecurityContextPersistenceFilter.java:112)
	at org.springframework.security.web.context.SecurityContextPersistenceFilter.doFilter(SecurityContextPersistenceFilter.java:82)
	at org.springframework.security.web.FilterChainProxy$VirtualFilterChain.doFilter(FilterChainProxy.java:346)
	at org.springframework.security.web.context.request.async.WebAsyncManagerIntegrationFilter.doFilterInternal(WebAsyncManagerIntegrationFilter.java:55)
	at org.springframework.web.filter.OncePerRequestFilter.doFilter(OncePerRequestFilter.java:117)
	at org.springframework.security.web.FilterChainProxy$VirtualFilterChain.doFilter(FilterChainProxy.java:346)
	at org.springframework.security.web.session.DisableEncodeUrlFilter.doFilterInternal(DisableEncodeUrlFilter.java:42)
	at org.springframework.web.filter.OncePerRequestFilter.doFilter(OncePerRequestFilter.java:117)
	at org.springframework.security.web.FilterChainProxy$VirtualFilterChain.doFilter(FilterChainProxy.java:346)
	at org.springframework.security.web.FilterChainProxy.doFilterInternal(FilterChainProxy.java:221)
	at org.springframework.security.web.FilterChainProxy.doFilter(FilterChainProxy.java:186)
	at org.springframework.web.filter.DelegatingFilterProxy.invokeDelegate(DelegatingFilterProxy.java:354)
	at org.springframework.web.filter.DelegatingFilterProxy.doFilter(DelegatingFilterProxy.java:267)
	at org.apache.catalina.core.ApplicationFilterChain.internalDoFilter(ApplicationFilterChain.java:178)
	at org.apache.catalina.core.ApplicationFilterChain.doFilter(ApplicationFilterChain.java:153)
	at org.springframework.web.filter.RequestContextFilter.doFilterInternal(RequestContextFilter.java:100)
	at org.springframework.web.filter.OncePerRequestFilter.doFilter(OncePerRequestFilter.java:117)
	at org.apache.catalina.core.ApplicationFilterChain.internalDoFilter(ApplicationFilterChain.java:178)
	at org.apache.catalina.core.ApplicationFilterChain.doFilter(ApplicationFilterChain.java:153)
	at org.springframework.web.filter.FormContentFilter.doFilterInternal(FormContentFilter.java:93)
	at org.springframework.web.filter.OncePerRequestFilter.doFilter(OncePerRequestFilter.java:117)
	at org.apache.catalina.core.ApplicationFilterChain.internalDoFilter(ApplicationFilterChain.java:178)
	at org.apache.catalina.core.ApplicationFilterChain.doFilter(ApplicationFilterChain.java:153)
	at org.springframework.boot.actuate.metrics.web.servlet.WebMvcMetricsFilter.doFilterInternal(WebMvcMetricsFilter.java:96)
	at org.springframework.web.filter.OncePerRequestFilter.doFilter(OncePerRequestFilter.java:117)
	at org.apache.catalina.core.ApplicationFilterChain.internalDoFilter(ApplicationFilterChain.java:178)
	at org.apache.catalina.core.ApplicationFilterChain.doFilter(ApplicationFilterChain.java:153)
	at org.springframework.web.filter.CharacterEncodingFilter.doFilterInternal(CharacterEncodingFilter.java:201)
	at org.springframework.web.filter.OncePerRequestFilter.doFilter(OncePerRequestFilter.java:117)
	at org.apache.catalina.core.ApplicationFilterChain.internalDoFilter(ApplicationFilterChain.java:178)
	at org.apache.catalina.core.ApplicationFilterChain.doFilter(ApplicationFilterChain.java:153)
	at org.apache.catalina.core.StandardWrapperValve.invoke(StandardWrapperValve.java:167)
	at org.apache.catalina.core.StandardContextValve.invoke(StandardContextValve.java:90)
	at org.apache.catalina.authenticator.AuthenticatorBase.invoke(AuthenticatorBase.java:481)
	at org.apache.catalina.core.StandardHostValve.invoke(StandardHostValve.java:130)
	at org.apache.catalina.valves.ErrorReportValve.invoke(ErrorReportValve.java:93)
	at org.apache.catalina.core.StandardEngineValve.invoke(StandardEngineValve.java:74)
	at org.apache.catalina.connector.CoyoteAdapter.service(CoyoteAdapter.java:343)
	at org.apache.coyote.http11.Http11Processor.service(Http11Processor.java:390)
	at org.apache.coyote.AbstractProcessorLight.process(AbstractProcessorLight.java:63)
	at org.apache.coyote.AbstractProtocol$ConnectionHandler.process(AbstractProtocol.java:926)
	at org.apache.tomcat.util.net.NioEndpoint$SocketProcessor.doRun(NioEndpoint.java:1791)
	at org.apache.tomcat.util.net.SocketProcessorBase.run(SocketProcessorBase.java:52)
	at org.apache.tomcat.util.threads.ThreadPoolExecutor.runWorker(ThreadPoolExecutor.java:1191)
	at org.apache.tomcat.util.threads.ThreadPoolExecutor$Worker.run(ThreadPoolExecutor.java:659)
	at org.apache.tomcat.util.threads.TaskThread$WrappingRunnable.run(TaskThread.java:61)
	at java.base/java.lang.Thread.run(Thread.java:834)
2023-09-05 22:05:03,618 ERROR [http-nio-8080-exec-6] org.apache.catalina.core.ContainerBase.[Tomcat].[localhost].[/].[dispatcherServlet]:Servlet.service() for servlet [dispatcherServlet] in context with path [] threw exception [Request processing failed; nested exception is javax.validation.UnexpectedTypeException: HV000030: No validator could be found for constraint 'javax.validation.constraints.NotBlank' validating type 'java.time.LocalDate'. Check configuration for 'birthDate'] with root cause
javax.validation.UnexpectedTypeException: HV000030: No validator could be found for constraint 'javax.validation.constraints.NotBlank' validating type 'java.time.LocalDate'. Check configuration for 'birthDate'
	at org.hibernate.validator.internal.engine.constraintvalidation.ConstraintTree.getExceptionForNullValidator(ConstraintTree.java:116)
	at org.hibernate.validator.internal.engine.constraintvalidation.ConstraintTree.getInitializedConstraintValidator(ConstraintTree.java:162)
	at org.hibernate.validator.internal.engine.constraintvalidation.SimpleConstraintTree.validateConstraints(SimpleConstraintTree.java:54)
	at org.hibernate.validator.internal.engine.constraintvalidation.ConstraintTree.validateConstraints(ConstraintTree.java:75)
	at org.hibernate.validator.internal.metadata.core.MetaConstraint.doValidateConstraint(MetaConstraint.java:130)
	at org.hibernate.validator.internal.metadata.core.MetaConstraint.validateConstraint(MetaConstraint.java:123)
	at org.hibernate.validator.internal.engine.ValidatorImpl.validateMetaConstraint(ValidatorImpl.java:555)
	at org.hibernate.validator.internal.engine.ValidatorImpl.validateConstraintsForSingleDefaultGroupElement(ValidatorImpl.java:518)
	at org.hibernate.validator.internal.engine.ValidatorImpl.validateConstraintsForDefaultGroup(ValidatorImpl.java:488)
	at org.hibernate.validator.internal.engine.ValidatorImpl.validateConstraintsForCurrentGroup(ValidatorImpl.java:450)
	at org.hibernate.validator.internal.engine.ValidatorImpl.validateInContext(ValidatorImpl.java:400)
	at org.hibernate.validator.internal.engine.ValidatorImpl.validate(ValidatorImpl.java:172)
	at org.springframework.validation.beanvalidation.SpringValidatorAdapter.validate(SpringValidatorAdapter.java:109)
	at org.springframework.boot.autoconfigure.validation.ValidatorAdapter.validate(ValidatorAdapter.java:66)
	at org.springframework.validation.DataBinder.validate(DataBinder.java:933)
	at org.springframework.web.servlet.mvc.method.annotation.AbstractMessageConverterMethodArgumentResolver.validateIfApplicable(AbstractMessageConverterMethodArgumentResolver.java:250)
	at org.springframework.web.servlet.mvc.method.annotation.RequestResponseBodyMethodProcessor.resolveArgument(RequestResponseBodyMethodProcessor.java:139)
	at org.springframework.web.method.support.HandlerMethodArgumentResolverComposite.resolveArgument(HandlerMethodArgumentResolverComposite.java:122)
	at org.springframework.web.method.support.InvocableHandlerMethod.getMethodArgumentValues(InvocableHandlerMethod.java:179)
	at org.springframework.web.method.support.InvocableHandlerMethod.invokeForRequest(InvocableHandlerMethod.java:146)
	at org.springframework.web.servlet.mvc.method.annotation.ServletInvocableHandlerMethod.invokeAndHandle(ServletInvocableHandlerMethod.java:117)
	at org.springframework.web.servlet.mvc.method.annotation.RequestMappingHandlerAdapter.invokeHandlerMethod(RequestMappingHandlerAdapter.java:895)
	at org.springframework.web.servlet.mvc.method.annotation.RequestMappingHandlerAdapter.handleInternal(RequestMappingHandlerAdapter.java:808)
	at org.springframework.web.servlet.mvc.method.AbstractHandlerMethodAdapter.handle(AbstractHandlerMethodAdapter.java:87)
	at org.springframework.web.servlet.DispatcherServlet.doDispatch(DispatcherServlet.java:1072)
	at org.springframework.web.servlet.DispatcherServlet.doService(DispatcherServlet.java:965)
	at org.springframework.web.servlet.FrameworkServlet.processRequest(FrameworkServlet.java:1006)
	at org.springframework.web.servlet.FrameworkServlet.doPut(FrameworkServlet.java:920)
	at javax.servlet.http.HttpServlet.service(HttpServlet.java:558)
	at org.springframework.web.servlet.FrameworkServlet.service(FrameworkServlet.java:883)
	at javax.servlet.http.HttpServlet.service(HttpServlet.java:623)
	at org.apache.catalina.core.ApplicationFilterChain.internalDoFilter(ApplicationFilterChain.java:209)
	at org.apache.catalina.core.ApplicationFilterChain.doFilter(ApplicationFilterChain.java:153)
	at org.apache.tomcat.websocket.server.WsFilter.doFilter(WsFilter.java:51)
	at org.apache.catalina.core.ApplicationFilterChain.internalDoFilter(ApplicationFilterChain.java:178)
	at org.apache.catalina.core.ApplicationFilterChain.doFilter(ApplicationFilterChain.java:153)
	at org.springframework.web.filter.OncePerRequestFilter.doFilter(OncePerRequestFilter.java:111)
	at org.apache.catalina.core.ApplicationFilterChain.internalDoFilter(ApplicationFilterChain.java:178)
	at org.apache.catalina.core.ApplicationFilterChain.doFilter(ApplicationFilterChain.java:153)
	at org.springframework.security.web.FilterChainProxy$VirtualFilterChain.doFilter(FilterChainProxy.java:337)
	at org.springframework.security.web.access.intercept.FilterSecurityInterceptor.invoke(FilterSecurityInterceptor.java:115)
	at org.springframework.security.web.access.intercept.FilterSecurityInterceptor.doFilter(FilterSecurityInterceptor.java:81)
	at org.springframework.security.web.FilterChainProxy$VirtualFilterChain.doFilter(FilterChainProxy.java:346)
	at org.springframework.security.web.access.ExceptionTranslationFilter.doFilter(ExceptionTranslationFilter.java:122)
	at org.springframework.security.web.access.ExceptionTranslationFilter.doFilter(ExceptionTranslationFilter.java:116)
	at org.springframework.security.web.FilterChainProxy$VirtualFilterChain.doFilter(FilterChainProxy.java:346)
	at org.springframework.security.web.session.SessionManagementFilter.doFilter(SessionManagementFilter.java:126)
	at org.springframework.security.web.session.SessionManagementFilter.doFilter(SessionManagementFilter.java:81)
	at org.springframework.security.web.FilterChainProxy$VirtualFilterChain.doFilter(FilterChainProxy.java:346)
	at org.springframework.security.web.authentication.AnonymousAuthenticationFilter.doFilter(AnonymousAuthenticationFilter.java:109)
	at org.springframework.security.web.FilterChainProxy$VirtualFilterChain.doFilter(FilterChainProxy.java:346)
	at org.springframework.security.web.servletapi.SecurityContextHolderAwareRequestFilter.doFilter(SecurityContextHolderAwareRequestFilter.java:149)
	at org.springframework.security.web.FilterChainProxy$VirtualFilterChain.doFilter(FilterChainProxy.java:346)
	at org.springframework.security.web.savedrequest.RequestCacheAwareFilter.doFilter(RequestCacheAwareFilter.java:63)
	at org.springframework.security.web.FilterChainProxy$VirtualFilterChain.doFilter(FilterChainProxy.java:346)
	at com.cookerytech.security.jwt.AuthTokenFilter.doFilterInternal(AuthTokenFilter.java:49)
	at org.springframework.web.filter.OncePerRequestFilter.doFilter(OncePerRequestFilter.java:117)
	at org.springframework.security.web.FilterChainProxy$VirtualFilterChain.doFilter(FilterChainProxy.java:346)
	at org.springframework.security.web.authentication.logout.LogoutFilter.doFilter(LogoutFilter.java:103)
	at org.springframework.security.web.authentication.logout.LogoutFilter.doFilter(LogoutFilter.java:89)
	at org.springframework.security.web.FilterChainProxy$VirtualFilterChain.doFilter(FilterChainProxy.java:346)
	at org.springframework.security.web.header.HeaderWriterFilter.doHeadersAfter(HeaderWriterFilter.java:90)
	at org.springframework.security.web.header.HeaderWriterFilter.doFilterInternal(HeaderWriterFilter.java:75)
	at org.springframework.web.filter.OncePerRequestFilter.doFilter(OncePerRequestFilter.java:117)
	at org.springframework.security.web.FilterChainProxy$VirtualFilterChain.doFilter(FilterChainProxy.java:346)
	at org.springframework.security.web.context.SecurityContextPersistenceFilter.doFilter(SecurityContextPersistenceFilter.java:112)
	at org.springframework.security.web.context.SecurityContextPersistenceFilter.doFilter(SecurityContextPersistenceFilter.java:82)
	at org.springframework.security.web.FilterChainProxy$VirtualFilterChain.doFilter(FilterChainProxy.java:346)
	at org.springframework.security.web.context.request.async.WebAsyncManagerIntegrationFilter.doFilterInternal(WebAsyncManagerIntegrationFilter.java:55)
	at org.springframework.web.filter.OncePerRequestFilter.doFilter(OncePerRequestFilter.java:117)
	at org.springframework.security.web.FilterChainProxy$VirtualFilterChain.doFilter(FilterChainProxy.java:346)
	at org.springframework.security.web.session.DisableEncodeUrlFilter.doFilterInternal(DisableEncodeUrlFilter.java:42)
	at org.springframework.web.filter.OncePerRequestFilter.doFilter(OncePerRequestFilter.java:117)
	at org.springframework.security.web.FilterChainProxy$VirtualFilterChain.doFilter(FilterChainProxy.java:346)
	at org.springframework.security.web.FilterChainProxy.doFilterInternal(FilterChainProxy.java:221)
	at org.springframework.security.web.FilterChainProxy.doFilter(FilterChainProxy.java:186)
	at org.springframework.web.filter.DelegatingFilterProxy.invokeDelegate(DelegatingFilterProxy.java:354)
	at org.springframework.web.filter.DelegatingFilterProxy.doFilter(DelegatingFilterProxy.java:267)
	at org.apache.catalina.core.ApplicationFilterChain.internalDoFilter(ApplicationFilterChain.java:178)
	at org.apache.catalina.core.ApplicationFilterChain.doFilter(ApplicationFilterChain.java:153)
	at org.springframework.web.filter.RequestContextFilter.doFilterInternal(RequestContextFilter.java:100)
	at org.springframework.web.filter.OncePerRequestFilter.doFilter(OncePerRequestFilter.java:117)
	at org.apache.catalina.core.ApplicationFilterChain.internalDoFilter(ApplicationFilterChain.java:178)
	at org.apache.catalina.core.ApplicationFilterChain.doFilter(ApplicationFilterChain.java:153)
	at org.springframework.web.filter.FormContentFilter.doFilterInternal(FormContentFilter.java:93)
	at org.springframework.web.filter.OncePerRequestFilter.doFilter(OncePerRequestFilter.java:117)
	at org.apache.catalina.core.ApplicationFilterChain.internalDoFilter(ApplicationFilterChain.java:178)
	at org.apache.catalina.core.ApplicationFilterChain.doFilter(ApplicationFilterChain.java:153)
	at org.springframework.boot.actuate.metrics.web.servlet.WebMvcMetricsFilter.doFilterInternal(WebMvcMetricsFilter.java:96)
	at org.springframework.web.filter.OncePerRequestFilter.doFilter(OncePerRequestFilter.java:117)
	at org.apache.catalina.core.ApplicationFilterChain.internalDoFilter(ApplicationFilterChain.java:178)
	at org.apache.catalina.core.ApplicationFilterChain.doFilter(ApplicationFilterChain.java:153)
	at org.springframework.web.filter.CharacterEncodingFilter.doFilterInternal(CharacterEncodingFilter.java:201)
	at org.springframework.web.filter.OncePerRequestFilter.doFilter(OncePerRequestFilter.java:117)
	at org.apache.catalina.core.ApplicationFilterChain.internalDoFilter(ApplicationFilterChain.java:178)
	at org.apache.catalina.core.ApplicationFilterChain.doFilter(ApplicationFilterChain.java:153)
	at org.apache.catalina.core.StandardWrapperValve.invoke(StandardWrapperValve.java:167)
	at org.apache.catalina.core.StandardContextValve.invoke(StandardContextValve.java:90)
	at org.apache.catalina.authenticator.AuthenticatorBase.invoke(AuthenticatorBase.java:481)
	at org.apache.catalina.core.StandardHostValve.invoke(StandardHostValve.java:130)
	at org.apache.catalina.valves.ErrorReportValve.invoke(ErrorReportValve.java:93)
	at org.apache.catalina.core.StandardEngineValve.invoke(StandardEngineValve.java:74)
	at org.apache.catalina.connector.CoyoteAdapter.service(CoyoteAdapter.java:343)
	at org.apache.coyote.http11.Http11Processor.service(Http11Processor.java:390)
	at org.apache.coyote.AbstractProcessorLight.process(AbstractProcessorLight.java:63)
	at org.apache.coyote.AbstractProtocol$ConnectionHandler.process(AbstractProtocol.java:926)
	at org.apache.tomcat.util.net.NioEndpoint$SocketProcessor.doRun(NioEndpoint.java:1791)
	at org.apache.tomcat.util.net.SocketProcessorBase.run(SocketProcessorBase.java:52)
	at org.apache.tomcat.util.threads.ThreadPoolExecutor.runWorker(ThreadPoolExecutor.java:1191)
	at org.apache.tomcat.util.threads.ThreadPoolExecutor$Worker.run(ThreadPoolExecutor.java:659)
	at org.apache.tomcat.util.threads.TaskThread$WrappingRunnable.run(TaskThread.java:61)
	at java.base/java.lang.Thread.run(Thread.java:834)
2023-09-05 22:09:06,456 INFO  [SpringApplicationShutdownHook] org.springframework.orm.jpa.LocalContainerEntityManagerFactoryBean:Closing JPA EntityManagerFactory for persistence unit 'default'
2023-09-05 22:09:06,482 INFO  [SpringApplicationShutdownHook] com.zaxxer.hikari.HikariDataSource:HikariPool-1 - Shutdown initiated...
2023-09-05 22:09:06,493 INFO  [SpringApplicationShutdownHook] com.zaxxer.hikari.HikariDataSource:HikariPool-1 - Shutdown completed.
2023-09-05 22:11:36,339 INFO  [restartedMain] com.cookerytech.CookerytechApplication:Starting CookerytechApplication using Java 11.0.9 on Atlgan-MacBook-Air.local with PID 5538 (/Users/atilgansahinulasan/IdeaProjects/cookerytech01/target/classes started by atilgansahinulasan in /Users/atilgansahinulasan/IdeaProjects/cookerytech01)
2023-09-05 22:11:36,348 INFO  [restartedMain] com.cookerytech.CookerytechApplication:No active profile set, falling back to 1 default profile: "default"
2023-09-05 22:11:36,455 INFO  [restartedMain] org.springframework.boot.devtools.env.DevToolsPropertyDefaultsPostProcessor:Devtools property defaults active! Set 'spring.devtools.add-properties' to 'false' to disable
2023-09-05 22:11:36,456 INFO  [restartedMain] org.springframework.boot.devtools.env.DevToolsPropertyDefaultsPostProcessor:For additional web related logging consider setting the 'logging.level.web' property to 'DEBUG'
2023-09-05 22:11:38,259 INFO  [restartedMain] org.springframework.data.repository.config.RepositoryConfigurationDelegate:Bootstrapping Spring Data JPA repositories in DEFAULT mode.
2023-09-05 22:11:38,434 INFO  [restartedMain] org.springframework.data.repository.config.RepositoryConfigurationDelegate:Finished Spring Data repository scanning in 168 ms. Found 15 JPA repository interfaces.
2023-09-05 22:11:39,436 INFO  [restartedMain] org.springframework.boot.web.embedded.tomcat.TomcatWebServer:Tomcat initialized with port(s): 8080 (http)
2023-09-05 22:11:39,448 INFO  [restartedMain] org.apache.catalina.core.StandardService:Starting service [Tomcat]
2023-09-05 22:11:39,448 INFO  [restartedMain] org.apache.catalina.core.StandardEngine:Starting Servlet engine: [Apache Tomcat/9.0.78]
2023-09-05 22:11:39,546 INFO  [restartedMain] org.apache.catalina.core.ContainerBase.[Tomcat].[localhost].[/]:Initializing Spring embedded WebApplicationContext
2023-09-05 22:11:39,546 INFO  [restartedMain] org.springframework.boot.web.servlet.context.ServletWebServerApplicationContext:Root WebApplicationContext: initialization completed in 3089 ms
2023-09-05 22:11:39,953 INFO  [restartedMain] org.hibernate.jpa.internal.util.LogHelper:HHH000204: Processing PersistenceUnitInfo [name: default]
2023-09-05 22:11:39,982 INFO  [restartedMain] org.hibernate.Version:HHH000412: Hibernate ORM core version 5.6.15.Final
2023-09-05 22:11:40,282 INFO  [restartedMain] org.hibernate.annotations.common.Version:HCANN000001: Hibernate Commons Annotations {5.1.2.Final}
2023-09-05 22:11:40,352 INFO  [restartedMain] com.zaxxer.hikari.HikariDataSource:HikariPool-1 - Starting...
2023-09-05 22:11:40,504 INFO  [restartedMain] com.zaxxer.hikari.HikariDataSource:HikariPool-1 - Start completed.
2023-09-05 22:11:40,518 INFO  [restartedMain] org.hibernate.dialect.Dialect:HHH000400: Using dialect: org.hibernate.dialect.PostgreSQLDialect
2023-09-05 22:11:41,819 INFO  [restartedMain] org.hibernate.engine.transaction.jta.platform.internal.JtaPlatformInitiator:HHH000490: Using JtaPlatform implementation: [org.hibernate.engine.transaction.jta.platform.internal.NoJtaPlatform]
2023-09-05 22:11:41,872 INFO  [restartedMain] org.springframework.orm.jpa.LocalContainerEntityManagerFactoryBean:Initialized JPA EntityManagerFactory for persistence unit 'default'
2023-09-05 22:11:43,621 INFO  [restartedMain] org.springframework.security.web.DefaultSecurityFilterChain:Will secure any request with [org.springframework.security.web.session.DisableEncodeUrlFilter@529f382d, org.springframework.security.web.context.request.async.WebAsyncManagerIntegrationFilter@5ea0a072, org.springframework.security.web.context.SecurityContextPersistenceFilter@3e65d302, org.springframework.security.web.header.HeaderWriterFilter@5f240cc3, org.springframework.security.web.authentication.logout.LogoutFilter@4dc38696, com.cookerytech.security.jwt.AuthTokenFilter@11ae0be4, org.springframework.security.web.savedrequest.RequestCacheAwareFilter@17d7ee71, org.springframework.security.web.servletapi.SecurityContextHolderAwareRequestFilter@19af5a4b, org.springframework.security.web.authentication.AnonymousAuthenticationFilter@2219fba6, org.springframework.security.web.session.SessionManagementFilter@6302e65a, org.springframework.security.web.access.ExceptionTranslationFilter@6abfa6a4, org.springframework.security.web.access.intercept.FilterSecurityInterceptor@7a7ec9ad]
2023-09-05 22:11:43,844 WARN  [restartedMain] org.springframework.boot.autoconfigure.orm.jpa.JpaBaseConfiguration$JpaWebConfiguration:spring.jpa.open-in-view is enabled by default. Therefore, database queries may be performed during view rendering. Explicitly configure spring.jpa.open-in-view to disable this warning
2023-09-05 22:11:45,583 WARN  [restartedMain] org.springframework.security.config.annotation.web.builders.WebSecurity:You are asking Spring Security to ignore Ant [pattern='/v3/api-docs/**']. This is not recommended -- please use permitAll via HttpSecurity#authorizeHttpRequests instead.
2023-09-05 22:11:45,584 INFO  [restartedMain] org.springframework.security.web.DefaultSecurityFilterChain:Will not secure Ant [pattern='/v3/api-docs/**']
2023-09-05 22:11:45,585 WARN  [restartedMain] org.springframework.security.config.annotation.web.builders.WebSecurity:You are asking Spring Security to ignore Ant [pattern='swagger-ui.html']. This is not recommended -- please use permitAll via HttpSecurity#authorizeHttpRequests instead.
2023-09-05 22:11:45,585 INFO  [restartedMain] org.springframework.security.web.DefaultSecurityFilterChain:Will not secure Ant [pattern='swagger-ui.html']
2023-09-05 22:11:45,585 WARN  [restartedMain] org.springframework.security.config.annotation.web.builders.WebSecurity:You are asking Spring Security to ignore Ant [pattern='/swagger-ui/**']. This is not recommended -- please use permitAll via HttpSecurity#authorizeHttpRequests instead.
2023-09-05 22:11:45,585 INFO  [restartedMain] org.springframework.security.web.DefaultSecurityFilterChain:Will not secure Ant [pattern='/swagger-ui/**']
2023-09-05 22:11:45,585 WARN  [restartedMain] org.springframework.security.config.annotation.web.builders.WebSecurity:You are asking Spring Security to ignore Ant [pattern='/']. This is not recommended -- please use permitAll via HttpSecurity#authorizeHttpRequests instead.
2023-09-05 22:11:45,585 INFO  [restartedMain] org.springframework.security.web.DefaultSecurityFilterChain:Will not secure Ant [pattern='/']
2023-09-05 22:11:45,585 WARN  [restartedMain] org.springframework.security.config.annotation.web.builders.WebSecurity:You are asking Spring Security to ignore Ant [pattern='index.html']. This is not recommended -- please use permitAll via HttpSecurity#authorizeHttpRequests instead.
2023-09-05 22:11:45,585 INFO  [restartedMain] org.springframework.security.web.DefaultSecurityFilterChain:Will not secure Ant [pattern='index.html']
2023-09-05 22:11:45,585 WARN  [restartedMain] org.springframework.security.config.annotation.web.builders.WebSecurity:You are asking Spring Security to ignore Ant [pattern='/images/**']. This is not recommended -- please use permitAll via HttpSecurity#authorizeHttpRequests instead.
2023-09-05 22:11:45,585 INFO  [restartedMain] org.springframework.security.web.DefaultSecurityFilterChain:Will not secure Ant [pattern='/images/**']
2023-09-05 22:11:45,585 WARN  [restartedMain] org.springframework.security.config.annotation.web.builders.WebSecurity:You are asking Spring Security to ignore Ant [pattern='/css/**']. This is not recommended -- please use permitAll via HttpSecurity#authorizeHttpRequests instead.
2023-09-05 22:11:45,585 INFO  [restartedMain] org.springframework.security.web.DefaultSecurityFilterChain:Will not secure Ant [pattern='/css/**']
2023-09-05 22:11:45,586 WARN  [restartedMain] org.springframework.security.config.annotation.web.builders.WebSecurity:You are asking Spring Security to ignore Ant [pattern='/js/**']. This is not recommended -- please use permitAll via HttpSecurity#authorizeHttpRequests instead.
2023-09-05 22:11:45,586 INFO  [restartedMain] org.springframework.security.web.DefaultSecurityFilterChain:Will not secure Ant [pattern='/js/**']
2023-09-05 22:11:45,614 INFO  [restartedMain] org.springframework.boot.devtools.autoconfigure.OptionalLiveReloadServer:LiveReload server is running on port 35729
2023-09-05 22:11:45,626 INFO  [restartedMain] org.springframework.boot.actuate.endpoint.web.EndpointLinksResolver:Exposing 14 endpoint(s) beneath base path '/actuator'
2023-09-05 22:11:45,680 INFO  [restartedMain] org.springframework.boot.web.embedded.tomcat.TomcatWebServer:Tomcat started on port(s): 8080 (http) with context path ''
2023-09-05 22:11:45,713 INFO  [restartedMain] com.cookerytech.CookerytechApplication:Started CookerytechApplication in 10.366 seconds (JVM running for 11.125)
2023-09-05 22:11:55,643 INFO  [http-nio-8080-exec-3] org.apache.catalina.core.ContainerBase.[Tomcat].[localhost].[/]:Initializing Spring DispatcherServlet 'dispatcherServlet'
2023-09-05 22:11:55,994 ERROR [http-nio-8080-exec-3] org.apache.catalina.core.ContainerBase.[Tomcat].[localhost].[/].[dispatcherServlet]:Servlet.service() for servlet [dispatcherServlet] in context with path [] threw exception [Request processing failed; nested exception is javax.validation.UnexpectedTypeException: HV000030: No validator could be found for constraint 'javax.validation.constraints.NotBlank' validating type 'java.time.LocalDate'. Check configuration for 'birthDate'] with root cause
javax.validation.UnexpectedTypeException: HV000030: No validator could be found for constraint 'javax.validation.constraints.NotBlank' validating type 'java.time.LocalDate'. Check configuration for 'birthDate'
	at org.hibernate.validator.internal.engine.constraintvalidation.ConstraintTree.getExceptionForNullValidator(ConstraintTree.java:116)
	at org.hibernate.validator.internal.engine.constraintvalidation.ConstraintTree.getInitializedConstraintValidator(ConstraintTree.java:162)
	at org.hibernate.validator.internal.engine.constraintvalidation.SimpleConstraintTree.validateConstraints(SimpleConstraintTree.java:54)
	at org.hibernate.validator.internal.engine.constraintvalidation.ConstraintTree.validateConstraints(ConstraintTree.java:75)
	at org.hibernate.validator.internal.metadata.core.MetaConstraint.doValidateConstraint(MetaConstraint.java:130)
	at org.hibernate.validator.internal.metadata.core.MetaConstraint.validateConstraint(MetaConstraint.java:123)
	at org.hibernate.validator.internal.engine.ValidatorImpl.validateMetaConstraint(ValidatorImpl.java:555)
	at org.hibernate.validator.internal.engine.ValidatorImpl.validateConstraintsForSingleDefaultGroupElement(ValidatorImpl.java:518)
	at org.hibernate.validator.internal.engine.ValidatorImpl.validateConstraintsForDefaultGroup(ValidatorImpl.java:488)
	at org.hibernate.validator.internal.engine.ValidatorImpl.validateConstraintsForCurrentGroup(ValidatorImpl.java:450)
	at org.hibernate.validator.internal.engine.ValidatorImpl.validateInContext(ValidatorImpl.java:400)
	at org.hibernate.validator.internal.engine.ValidatorImpl.validate(ValidatorImpl.java:172)
	at org.springframework.validation.beanvalidation.SpringValidatorAdapter.validate(SpringValidatorAdapter.java:109)
	at org.springframework.boot.autoconfigure.validation.ValidatorAdapter.validate(ValidatorAdapter.java:66)
	at org.springframework.validation.DataBinder.validate(DataBinder.java:933)
	at org.springframework.web.servlet.mvc.method.annotation.AbstractMessageConverterMethodArgumentResolver.validateIfApplicable(AbstractMessageConverterMethodArgumentResolver.java:250)
	at org.springframework.web.servlet.mvc.method.annotation.RequestResponseBodyMethodProcessor.resolveArgument(RequestResponseBodyMethodProcessor.java:139)
	at org.springframework.web.method.support.HandlerMethodArgumentResolverComposite.resolveArgument(HandlerMethodArgumentResolverComposite.java:122)
	at org.springframework.web.method.support.InvocableHandlerMethod.getMethodArgumentValues(InvocableHandlerMethod.java:179)
	at org.springframework.web.method.support.InvocableHandlerMethod.invokeForRequest(InvocableHandlerMethod.java:146)
	at org.springframework.web.servlet.mvc.method.annotation.ServletInvocableHandlerMethod.invokeAndHandle(ServletInvocableHandlerMethod.java:117)
	at org.springframework.web.servlet.mvc.method.annotation.RequestMappingHandlerAdapter.invokeHandlerMethod(RequestMappingHandlerAdapter.java:895)
	at org.springframework.web.servlet.mvc.method.annotation.RequestMappingHandlerAdapter.handleInternal(RequestMappingHandlerAdapter.java:808)
	at org.springframework.web.servlet.mvc.method.AbstractHandlerMethodAdapter.handle(AbstractHandlerMethodAdapter.java:87)
	at org.springframework.web.servlet.DispatcherServlet.doDispatch(DispatcherServlet.java:1072)
	at org.springframework.web.servlet.DispatcherServlet.doService(DispatcherServlet.java:965)
	at org.springframework.web.servlet.FrameworkServlet.processRequest(FrameworkServlet.java:1006)
	at org.springframework.web.servlet.FrameworkServlet.doPut(FrameworkServlet.java:920)
	at javax.servlet.http.HttpServlet.service(HttpServlet.java:558)
	at org.springframework.web.servlet.FrameworkServlet.service(FrameworkServlet.java:883)
	at javax.servlet.http.HttpServlet.service(HttpServlet.java:623)
	at org.apache.catalina.core.ApplicationFilterChain.internalDoFilter(ApplicationFilterChain.java:209)
	at org.apache.catalina.core.ApplicationFilterChain.doFilter(ApplicationFilterChain.java:153)
	at org.apache.tomcat.websocket.server.WsFilter.doFilter(WsFilter.java:51)
	at org.apache.catalina.core.ApplicationFilterChain.internalDoFilter(ApplicationFilterChain.java:178)
	at org.apache.catalina.core.ApplicationFilterChain.doFilter(ApplicationFilterChain.java:153)
	at org.springframework.web.filter.OncePerRequestFilter.doFilter(OncePerRequestFilter.java:111)
	at org.apache.catalina.core.ApplicationFilterChain.internalDoFilter(ApplicationFilterChain.java:178)
	at org.apache.catalina.core.ApplicationFilterChain.doFilter(ApplicationFilterChain.java:153)
	at org.springframework.security.web.FilterChainProxy$VirtualFilterChain.doFilter(FilterChainProxy.java:337)
	at org.springframework.security.web.access.intercept.FilterSecurityInterceptor.invoke(FilterSecurityInterceptor.java:115)
	at org.springframework.security.web.access.intercept.FilterSecurityInterceptor.doFilter(FilterSecurityInterceptor.java:81)
	at org.springframework.security.web.FilterChainProxy$VirtualFilterChain.doFilter(FilterChainProxy.java:346)
	at org.springframework.security.web.access.ExceptionTranslationFilter.doFilter(ExceptionTranslationFilter.java:122)
	at org.springframework.security.web.access.ExceptionTranslationFilter.doFilter(ExceptionTranslationFilter.java:116)
	at org.springframework.security.web.FilterChainProxy$VirtualFilterChain.doFilter(FilterChainProxy.java:346)
	at org.springframework.security.web.session.SessionManagementFilter.doFilter(SessionManagementFilter.java:126)
	at org.springframework.security.web.session.SessionManagementFilter.doFilter(SessionManagementFilter.java:81)
	at org.springframework.security.web.FilterChainProxy$VirtualFilterChain.doFilter(FilterChainProxy.java:346)
	at org.springframework.security.web.authentication.AnonymousAuthenticationFilter.doFilter(AnonymousAuthenticationFilter.java:109)
	at org.springframework.security.web.FilterChainProxy$VirtualFilterChain.doFilter(FilterChainProxy.java:346)
	at org.springframework.security.web.servletapi.SecurityContextHolderAwareRequestFilter.doFilter(SecurityContextHolderAwareRequestFilter.java:149)
	at org.springframework.security.web.FilterChainProxy$VirtualFilterChain.doFilter(FilterChainProxy.java:346)
	at org.springframework.security.web.savedrequest.RequestCacheAwareFilter.doFilter(RequestCacheAwareFilter.java:63)
	at org.springframework.security.web.FilterChainProxy$VirtualFilterChain.doFilter(FilterChainProxy.java:346)
	at com.cookerytech.security.jwt.AuthTokenFilter.doFilterInternal(AuthTokenFilter.java:49)
	at org.springframework.web.filter.OncePerRequestFilter.doFilter(OncePerRequestFilter.java:117)
	at org.springframework.security.web.FilterChainProxy$VirtualFilterChain.doFilter(FilterChainProxy.java:346)
	at org.springframework.security.web.authentication.logout.LogoutFilter.doFilter(LogoutFilter.java:103)
	at org.springframework.security.web.authentication.logout.LogoutFilter.doFilter(LogoutFilter.java:89)
	at org.springframework.security.web.FilterChainProxy$VirtualFilterChain.doFilter(FilterChainProxy.java:346)
	at org.springframework.security.web.header.HeaderWriterFilter.doHeadersAfter(HeaderWriterFilter.java:90)
	at org.springframework.security.web.header.HeaderWriterFilter.doFilterInternal(HeaderWriterFilter.java:75)
	at org.springframework.web.filter.OncePerRequestFilter.doFilter(OncePerRequestFilter.java:117)
	at org.springframework.security.web.FilterChainProxy$VirtualFilterChain.doFilter(FilterChainProxy.java:346)
	at org.springframework.security.web.context.SecurityContextPersistenceFilter.doFilter(SecurityContextPersistenceFilter.java:112)
	at org.springframework.security.web.context.SecurityContextPersistenceFilter.doFilter(SecurityContextPersistenceFilter.java:82)
	at org.springframework.security.web.FilterChainProxy$VirtualFilterChain.doFilter(FilterChainProxy.java:346)
	at org.springframework.security.web.context.request.async.WebAsyncManagerIntegrationFilter.doFilterInternal(WebAsyncManagerIntegrationFilter.java:55)
	at org.springframework.web.filter.OncePerRequestFilter.doFilter(OncePerRequestFilter.java:117)
	at org.springframework.security.web.FilterChainProxy$VirtualFilterChain.doFilter(FilterChainProxy.java:346)
	at org.springframework.security.web.session.DisableEncodeUrlFilter.doFilterInternal(DisableEncodeUrlFilter.java:42)
	at org.springframework.web.filter.OncePerRequestFilter.doFilter(OncePerRequestFilter.java:117)
	at org.springframework.security.web.FilterChainProxy$VirtualFilterChain.doFilter(FilterChainProxy.java:346)
	at org.springframework.security.web.FilterChainProxy.doFilterInternal(FilterChainProxy.java:221)
	at org.springframework.security.web.FilterChainProxy.doFilter(FilterChainProxy.java:186)
	at org.springframework.web.filter.DelegatingFilterProxy.invokeDelegate(DelegatingFilterProxy.java:354)
	at org.springframework.web.filter.DelegatingFilterProxy.doFilter(DelegatingFilterProxy.java:267)
	at org.apache.catalina.core.ApplicationFilterChain.internalDoFilter(ApplicationFilterChain.java:178)
	at org.apache.catalina.core.ApplicationFilterChain.doFilter(ApplicationFilterChain.java:153)
	at org.springframework.web.filter.RequestContextFilter.doFilterInternal(RequestContextFilter.java:100)
	at org.springframework.web.filter.OncePerRequestFilter.doFilter(OncePerRequestFilter.java:117)
	at org.apache.catalina.core.ApplicationFilterChain.internalDoFilter(ApplicationFilterChain.java:178)
	at org.apache.catalina.core.ApplicationFilterChain.doFilter(ApplicationFilterChain.java:153)
	at org.springframework.web.filter.FormContentFilter.doFilterInternal(FormContentFilter.java:93)
	at org.springframework.web.filter.OncePerRequestFilter.doFilter(OncePerRequestFilter.java:117)
	at org.apache.catalina.core.ApplicationFilterChain.internalDoFilter(ApplicationFilterChain.java:178)
	at org.apache.catalina.core.ApplicationFilterChain.doFilter(ApplicationFilterChain.java:153)
	at org.springframework.boot.actuate.metrics.web.servlet.WebMvcMetricsFilter.doFilterInternal(WebMvcMetricsFilter.java:96)
	at org.springframework.web.filter.OncePerRequestFilter.doFilter(OncePerRequestFilter.java:117)
	at org.apache.catalina.core.ApplicationFilterChain.internalDoFilter(ApplicationFilterChain.java:178)
	at org.apache.catalina.core.ApplicationFilterChain.doFilter(ApplicationFilterChain.java:153)
	at org.springframework.web.filter.CharacterEncodingFilter.doFilterInternal(CharacterEncodingFilter.java:201)
	at org.springframework.web.filter.OncePerRequestFilter.doFilter(OncePerRequestFilter.java:117)
	at org.apache.catalina.core.ApplicationFilterChain.internalDoFilter(ApplicationFilterChain.java:178)
	at org.apache.catalina.core.ApplicationFilterChain.doFilter(ApplicationFilterChain.java:153)
	at org.apache.catalina.core.StandardWrapperValve.invoke(StandardWrapperValve.java:167)
	at org.apache.catalina.core.StandardContextValve.invoke(StandardContextValve.java:90)
	at org.apache.catalina.authenticator.AuthenticatorBase.invoke(AuthenticatorBase.java:481)
	at org.apache.catalina.core.StandardHostValve.invoke(StandardHostValve.java:130)
	at org.apache.catalina.valves.ErrorReportValve.invoke(ErrorReportValve.java:93)
	at org.apache.catalina.core.StandardEngineValve.invoke(StandardEngineValve.java:74)
	at org.apache.catalina.connector.CoyoteAdapter.service(CoyoteAdapter.java:343)
	at org.apache.coyote.http11.Http11Processor.service(Http11Processor.java:390)
	at org.apache.coyote.AbstractProcessorLight.process(AbstractProcessorLight.java:63)
	at org.apache.coyote.AbstractProtocol$ConnectionHandler.process(AbstractProtocol.java:926)
	at org.apache.tomcat.util.net.NioEndpoint$SocketProcessor.doRun(NioEndpoint.java:1791)
	at org.apache.tomcat.util.net.SocketProcessorBase.run(SocketProcessorBase.java:52)
	at org.apache.tomcat.util.threads.ThreadPoolExecutor.runWorker(ThreadPoolExecutor.java:1191)
	at org.apache.tomcat.util.threads.ThreadPoolExecutor$Worker.run(ThreadPoolExecutor.java:659)
	at org.apache.tomcat.util.threads.TaskThread$WrappingRunnable.run(TaskThread.java:61)
	at java.base/java.lang.Thread.run(Thread.java:834)
2023-09-05 22:11:59,862 ERROR [http-nio-8080-exec-2] org.apache.catalina.core.ContainerBase.[Tomcat].[localhost].[/].[dispatcherServlet]:Servlet.service() for servlet [dispatcherServlet] in context with path [] threw exception [Request processing failed; nested exception is javax.validation.UnexpectedTypeException: HV000030: No validator could be found for constraint 'javax.validation.constraints.NotBlank' validating type 'java.time.LocalDate'. Check configuration for 'birthDate'] with root cause
javax.validation.UnexpectedTypeException: HV000030: No validator could be found for constraint 'javax.validation.constraints.NotBlank' validating type 'java.time.LocalDate'. Check configuration for 'birthDate'
	at org.hibernate.validator.internal.engine.constraintvalidation.ConstraintTree.getExceptionForNullValidator(ConstraintTree.java:116)
	at org.hibernate.validator.internal.engine.constraintvalidation.ConstraintTree.getInitializedConstraintValidator(ConstraintTree.java:162)
	at org.hibernate.validator.internal.engine.constraintvalidation.SimpleConstraintTree.validateConstraints(SimpleConstraintTree.java:54)
	at org.hibernate.validator.internal.engine.constraintvalidation.ConstraintTree.validateConstraints(ConstraintTree.java:75)
	at org.hibernate.validator.internal.metadata.core.MetaConstraint.doValidateConstraint(MetaConstraint.java:130)
	at org.hibernate.validator.internal.metadata.core.MetaConstraint.validateConstraint(MetaConstraint.java:123)
	at org.hibernate.validator.internal.engine.ValidatorImpl.validateMetaConstraint(ValidatorImpl.java:555)
	at org.hibernate.validator.internal.engine.ValidatorImpl.validateConstraintsForSingleDefaultGroupElement(ValidatorImpl.java:518)
	at org.hibernate.validator.internal.engine.ValidatorImpl.validateConstraintsForDefaultGroup(ValidatorImpl.java:488)
	at org.hibernate.validator.internal.engine.ValidatorImpl.validateConstraintsForCurrentGroup(ValidatorImpl.java:450)
	at org.hibernate.validator.internal.engine.ValidatorImpl.validateInContext(ValidatorImpl.java:400)
	at org.hibernate.validator.internal.engine.ValidatorImpl.validate(ValidatorImpl.java:172)
	at org.springframework.validation.beanvalidation.SpringValidatorAdapter.validate(SpringValidatorAdapter.java:109)
	at org.springframework.boot.autoconfigure.validation.ValidatorAdapter.validate(ValidatorAdapter.java:66)
	at org.springframework.validation.DataBinder.validate(DataBinder.java:933)
	at org.springframework.web.servlet.mvc.method.annotation.AbstractMessageConverterMethodArgumentResolver.validateIfApplicable(AbstractMessageConverterMethodArgumentResolver.java:250)
	at org.springframework.web.servlet.mvc.method.annotation.RequestResponseBodyMethodProcessor.resolveArgument(RequestResponseBodyMethodProcessor.java:139)
	at org.springframework.web.method.support.HandlerMethodArgumentResolverComposite.resolveArgument(HandlerMethodArgumentResolverComposite.java:122)
	at org.springframework.web.method.support.InvocableHandlerMethod.getMethodArgumentValues(InvocableHandlerMethod.java:179)
	at org.springframework.web.method.support.InvocableHandlerMethod.invokeForRequest(InvocableHandlerMethod.java:146)
	at org.springframework.web.servlet.mvc.method.annotation.ServletInvocableHandlerMethod.invokeAndHandle(ServletInvocableHandlerMethod.java:117)
	at org.springframework.web.servlet.mvc.method.annotation.RequestMappingHandlerAdapter.invokeHandlerMethod(RequestMappingHandlerAdapter.java:895)
	at org.springframework.web.servlet.mvc.method.annotation.RequestMappingHandlerAdapter.handleInternal(RequestMappingHandlerAdapter.java:808)
	at org.springframework.web.servlet.mvc.method.AbstractHandlerMethodAdapter.handle(AbstractHandlerMethodAdapter.java:87)
	at org.springframework.web.servlet.DispatcherServlet.doDispatch(DispatcherServlet.java:1072)
	at org.springframework.web.servlet.DispatcherServlet.doService(DispatcherServlet.java:965)
	at org.springframework.web.servlet.FrameworkServlet.processRequest(FrameworkServlet.java:1006)
	at org.springframework.web.servlet.FrameworkServlet.doPut(FrameworkServlet.java:920)
	at javax.servlet.http.HttpServlet.service(HttpServlet.java:558)
	at org.springframework.web.servlet.FrameworkServlet.service(FrameworkServlet.java:883)
	at javax.servlet.http.HttpServlet.service(HttpServlet.java:623)
	at org.apache.catalina.core.ApplicationFilterChain.internalDoFilter(ApplicationFilterChain.java:209)
	at org.apache.catalina.core.ApplicationFilterChain.doFilter(ApplicationFilterChain.java:153)
	at org.apache.tomcat.websocket.server.WsFilter.doFilter(WsFilter.java:51)
	at org.apache.catalina.core.ApplicationFilterChain.internalDoFilter(ApplicationFilterChain.java:178)
	at org.apache.catalina.core.ApplicationFilterChain.doFilter(ApplicationFilterChain.java:153)
	at org.springframework.web.filter.OncePerRequestFilter.doFilter(OncePerRequestFilter.java:111)
	at org.apache.catalina.core.ApplicationFilterChain.internalDoFilter(ApplicationFilterChain.java:178)
	at org.apache.catalina.core.ApplicationFilterChain.doFilter(ApplicationFilterChain.java:153)
	at org.springframework.security.web.FilterChainProxy$VirtualFilterChain.doFilter(FilterChainProxy.java:337)
	at org.springframework.security.web.access.intercept.FilterSecurityInterceptor.invoke(FilterSecurityInterceptor.java:115)
	at org.springframework.security.web.access.intercept.FilterSecurityInterceptor.doFilter(FilterSecurityInterceptor.java:81)
	at org.springframework.security.web.FilterChainProxy$VirtualFilterChain.doFilter(FilterChainProxy.java:346)
	at org.springframework.security.web.access.ExceptionTranslationFilter.doFilter(ExceptionTranslationFilter.java:122)
	at org.springframework.security.web.access.ExceptionTranslationFilter.doFilter(ExceptionTranslationFilter.java:116)
	at org.springframework.security.web.FilterChainProxy$VirtualFilterChain.doFilter(FilterChainProxy.java:346)
	at org.springframework.security.web.session.SessionManagementFilter.doFilter(SessionManagementFilter.java:126)
	at org.springframework.security.web.session.SessionManagementFilter.doFilter(SessionManagementFilter.java:81)
	at org.springframework.security.web.FilterChainProxy$VirtualFilterChain.doFilter(FilterChainProxy.java:346)
	at org.springframework.security.web.authentication.AnonymousAuthenticationFilter.doFilter(AnonymousAuthenticationFilter.java:109)
	at org.springframework.security.web.FilterChainProxy$VirtualFilterChain.doFilter(FilterChainProxy.java:346)
	at org.springframework.security.web.servletapi.SecurityContextHolderAwareRequestFilter.doFilter(SecurityContextHolderAwareRequestFilter.java:149)
	at org.springframework.security.web.FilterChainProxy$VirtualFilterChain.doFilter(FilterChainProxy.java:346)
	at org.springframework.security.web.savedrequest.RequestCacheAwareFilter.doFilter(RequestCacheAwareFilter.java:63)
	at org.springframework.security.web.FilterChainProxy$VirtualFilterChain.doFilter(FilterChainProxy.java:346)
	at com.cookerytech.security.jwt.AuthTokenFilter.doFilterInternal(AuthTokenFilter.java:49)
	at org.springframework.web.filter.OncePerRequestFilter.doFilter(OncePerRequestFilter.java:117)
	at org.springframework.security.web.FilterChainProxy$VirtualFilterChain.doFilter(FilterChainProxy.java:346)
	at org.springframework.security.web.authentication.logout.LogoutFilter.doFilter(LogoutFilter.java:103)
	at org.springframework.security.web.authentication.logout.LogoutFilter.doFilter(LogoutFilter.java:89)
	at org.springframework.security.web.FilterChainProxy$VirtualFilterChain.doFilter(FilterChainProxy.java:346)
	at org.springframework.security.web.header.HeaderWriterFilter.doHeadersAfter(HeaderWriterFilter.java:90)
	at org.springframework.security.web.header.HeaderWriterFilter.doFilterInternal(HeaderWriterFilter.java:75)
	at org.springframework.web.filter.OncePerRequestFilter.doFilter(OncePerRequestFilter.java:117)
	at org.springframework.security.web.FilterChainProxy$VirtualFilterChain.doFilter(FilterChainProxy.java:346)
	at org.springframework.security.web.context.SecurityContextPersistenceFilter.doFilter(SecurityContextPersistenceFilter.java:112)
	at org.springframework.security.web.context.SecurityContextPersistenceFilter.doFilter(SecurityContextPersistenceFilter.java:82)
	at org.springframework.security.web.FilterChainProxy$VirtualFilterChain.doFilter(FilterChainProxy.java:346)
	at org.springframework.security.web.context.request.async.WebAsyncManagerIntegrationFilter.doFilterInternal(WebAsyncManagerIntegrationFilter.java:55)
	at org.springframework.web.filter.OncePerRequestFilter.doFilter(OncePerRequestFilter.java:117)
	at org.springframework.security.web.FilterChainProxy$VirtualFilterChain.doFilter(FilterChainProxy.java:346)
	at org.springframework.security.web.session.DisableEncodeUrlFilter.doFilterInternal(DisableEncodeUrlFilter.java:42)
	at org.springframework.web.filter.OncePerRequestFilter.doFilter(OncePerRequestFilter.java:117)
	at org.springframework.security.web.FilterChainProxy$VirtualFilterChain.doFilter(FilterChainProxy.java:346)
	at org.springframework.security.web.FilterChainProxy.doFilterInternal(FilterChainProxy.java:221)
	at org.springframework.security.web.FilterChainProxy.doFilter(FilterChainProxy.java:186)
	at org.springframework.web.filter.DelegatingFilterProxy.invokeDelegate(DelegatingFilterProxy.java:354)
	at org.springframework.web.filter.DelegatingFilterProxy.doFilter(DelegatingFilterProxy.java:267)
	at org.apache.catalina.core.ApplicationFilterChain.internalDoFilter(ApplicationFilterChain.java:178)
	at org.apache.catalina.core.ApplicationFilterChain.doFilter(ApplicationFilterChain.java:153)
	at org.springframework.web.filter.RequestContextFilter.doFilterInternal(RequestContextFilter.java:100)
	at org.springframework.web.filter.OncePerRequestFilter.doFilter(OncePerRequestFilter.java:117)
	at org.apache.catalina.core.ApplicationFilterChain.internalDoFilter(ApplicationFilterChain.java:178)
	at org.apache.catalina.core.ApplicationFilterChain.doFilter(ApplicationFilterChain.java:153)
	at org.springframework.web.filter.FormContentFilter.doFilterInternal(FormContentFilter.java:93)
	at org.springframework.web.filter.OncePerRequestFilter.doFilter(OncePerRequestFilter.java:117)
	at org.apache.catalina.core.ApplicationFilterChain.internalDoFilter(ApplicationFilterChain.java:178)
	at org.apache.catalina.core.ApplicationFilterChain.doFilter(ApplicationFilterChain.java:153)
	at org.springframework.boot.actuate.metrics.web.servlet.WebMvcMetricsFilter.doFilterInternal(WebMvcMetricsFilter.java:96)
	at org.springframework.web.filter.OncePerRequestFilter.doFilter(OncePerRequestFilter.java:117)
	at org.apache.catalina.core.ApplicationFilterChain.internalDoFilter(ApplicationFilterChain.java:178)
	at org.apache.catalina.core.ApplicationFilterChain.doFilter(ApplicationFilterChain.java:153)
	at org.springframework.web.filter.CharacterEncodingFilter.doFilterInternal(CharacterEncodingFilter.java:201)
	at org.springframework.web.filter.OncePerRequestFilter.doFilter(OncePerRequestFilter.java:117)
	at org.apache.catalina.core.ApplicationFilterChain.internalDoFilter(ApplicationFilterChain.java:178)
	at org.apache.catalina.core.ApplicationFilterChain.doFilter(ApplicationFilterChain.java:153)
	at org.apache.catalina.core.StandardWrapperValve.invoke(StandardWrapperValve.java:167)
	at org.apache.catalina.core.StandardContextValve.invoke(StandardContextValve.java:90)
	at org.apache.catalina.authenticator.AuthenticatorBase.invoke(AuthenticatorBase.java:481)
	at org.apache.catalina.core.StandardHostValve.invoke(StandardHostValve.java:130)
	at org.apache.catalina.valves.ErrorReportValve.invoke(ErrorReportValve.java:93)
	at org.apache.catalina.core.StandardEngineValve.invoke(StandardEngineValve.java:74)
	at org.apache.catalina.connector.CoyoteAdapter.service(CoyoteAdapter.java:343)
	at org.apache.coyote.http11.Http11Processor.service(Http11Processor.java:390)
	at org.apache.coyote.AbstractProcessorLight.process(AbstractProcessorLight.java:63)
	at org.apache.coyote.AbstractProtocol$ConnectionHandler.process(AbstractProtocol.java:926)
	at org.apache.tomcat.util.net.NioEndpoint$SocketProcessor.doRun(NioEndpoint.java:1791)
	at org.apache.tomcat.util.net.SocketProcessorBase.run(SocketProcessorBase.java:52)
	at org.apache.tomcat.util.threads.ThreadPoolExecutor.runWorker(ThreadPoolExecutor.java:1191)
	at org.apache.tomcat.util.threads.ThreadPoolExecutor$Worker.run(ThreadPoolExecutor.java:659)
	at org.apache.tomcat.util.threads.TaskThread$WrappingRunnable.run(TaskThread.java:61)
	at java.base/java.lang.Thread.run(Thread.java:834)
2023-09-05 22:12:01,166 ERROR [http-nio-8080-exec-6] org.apache.catalina.core.ContainerBase.[Tomcat].[localhost].[/].[dispatcherServlet]:Servlet.service() for servlet [dispatcherServlet] in context with path [] threw exception [Request processing failed; nested exception is javax.validation.UnexpectedTypeException: HV000030: No validator could be found for constraint 'javax.validation.constraints.NotBlank' validating type 'java.time.LocalDate'. Check configuration for 'birthDate'] with root cause
javax.validation.UnexpectedTypeException: HV000030: No validator could be found for constraint 'javax.validation.constraints.NotBlank' validating type 'java.time.LocalDate'. Check configuration for 'birthDate'
	at org.hibernate.validator.internal.engine.constraintvalidation.ConstraintTree.getExceptionForNullValidator(ConstraintTree.java:116)
	at org.hibernate.validator.internal.engine.constraintvalidation.ConstraintTree.getInitializedConstraintValidator(ConstraintTree.java:162)
	at org.hibernate.validator.internal.engine.constraintvalidation.SimpleConstraintTree.validateConstraints(SimpleConstraintTree.java:54)
	at org.hibernate.validator.internal.engine.constraintvalidation.ConstraintTree.validateConstraints(ConstraintTree.java:75)
	at org.hibernate.validator.internal.metadata.core.MetaConstraint.doValidateConstraint(MetaConstraint.java:130)
	at org.hibernate.validator.internal.metadata.core.MetaConstraint.validateConstraint(MetaConstraint.java:123)
	at org.hibernate.validator.internal.engine.ValidatorImpl.validateMetaConstraint(ValidatorImpl.java:555)
	at org.hibernate.validator.internal.engine.ValidatorImpl.validateConstraintsForSingleDefaultGroupElement(ValidatorImpl.java:518)
	at org.hibernate.validator.internal.engine.ValidatorImpl.validateConstraintsForDefaultGroup(ValidatorImpl.java:488)
	at org.hibernate.validator.internal.engine.ValidatorImpl.validateConstraintsForCurrentGroup(ValidatorImpl.java:450)
	at org.hibernate.validator.internal.engine.ValidatorImpl.validateInContext(ValidatorImpl.java:400)
	at org.hibernate.validator.internal.engine.ValidatorImpl.validate(ValidatorImpl.java:172)
	at org.springframework.validation.beanvalidation.SpringValidatorAdapter.validate(SpringValidatorAdapter.java:109)
	at org.springframework.boot.autoconfigure.validation.ValidatorAdapter.validate(ValidatorAdapter.java:66)
	at org.springframework.validation.DataBinder.validate(DataBinder.java:933)
	at org.springframework.web.servlet.mvc.method.annotation.AbstractMessageConverterMethodArgumentResolver.validateIfApplicable(AbstractMessageConverterMethodArgumentResolver.java:250)
	at org.springframework.web.servlet.mvc.method.annotation.RequestResponseBodyMethodProcessor.resolveArgument(RequestResponseBodyMethodProcessor.java:139)
	at org.springframework.web.method.support.HandlerMethodArgumentResolverComposite.resolveArgument(HandlerMethodArgumentResolverComposite.java:122)
	at org.springframework.web.method.support.InvocableHandlerMethod.getMethodArgumentValues(InvocableHandlerMethod.java:179)
	at org.springframework.web.method.support.InvocableHandlerMethod.invokeForRequest(InvocableHandlerMethod.java:146)
	at org.springframework.web.servlet.mvc.method.annotation.ServletInvocableHandlerMethod.invokeAndHandle(ServletInvocableHandlerMethod.java:117)
	at org.springframework.web.servlet.mvc.method.annotation.RequestMappingHandlerAdapter.invokeHandlerMethod(RequestMappingHandlerAdapter.java:895)
	at org.springframework.web.servlet.mvc.method.annotation.RequestMappingHandlerAdapter.handleInternal(RequestMappingHandlerAdapter.java:808)
	at org.springframework.web.servlet.mvc.method.AbstractHandlerMethodAdapter.handle(AbstractHandlerMethodAdapter.java:87)
	at org.springframework.web.servlet.DispatcherServlet.doDispatch(DispatcherServlet.java:1072)
	at org.springframework.web.servlet.DispatcherServlet.doService(DispatcherServlet.java:965)
	at org.springframework.web.servlet.FrameworkServlet.processRequest(FrameworkServlet.java:1006)
	at org.springframework.web.servlet.FrameworkServlet.doPut(FrameworkServlet.java:920)
	at javax.servlet.http.HttpServlet.service(HttpServlet.java:558)
	at org.springframework.web.servlet.FrameworkServlet.service(FrameworkServlet.java:883)
	at javax.servlet.http.HttpServlet.service(HttpServlet.java:623)
	at org.apache.catalina.core.ApplicationFilterChain.internalDoFilter(ApplicationFilterChain.java:209)
	at org.apache.catalina.core.ApplicationFilterChain.doFilter(ApplicationFilterChain.java:153)
	at org.apache.tomcat.websocket.server.WsFilter.doFilter(WsFilter.java:51)
	at org.apache.catalina.core.ApplicationFilterChain.internalDoFilter(ApplicationFilterChain.java:178)
	at org.apache.catalina.core.ApplicationFilterChain.doFilter(ApplicationFilterChain.java:153)
	at org.springframework.web.filter.OncePerRequestFilter.doFilter(OncePerRequestFilter.java:111)
	at org.apache.catalina.core.ApplicationFilterChain.internalDoFilter(ApplicationFilterChain.java:178)
	at org.apache.catalina.core.ApplicationFilterChain.doFilter(ApplicationFilterChain.java:153)
	at org.springframework.security.web.FilterChainProxy$VirtualFilterChain.doFilter(FilterChainProxy.java:337)
	at org.springframework.security.web.access.intercept.FilterSecurityInterceptor.invoke(FilterSecurityInterceptor.java:115)
	at org.springframework.security.web.access.intercept.FilterSecurityInterceptor.doFilter(FilterSecurityInterceptor.java:81)
	at org.springframework.security.web.FilterChainProxy$VirtualFilterChain.doFilter(FilterChainProxy.java:346)
	at org.springframework.security.web.access.ExceptionTranslationFilter.doFilter(ExceptionTranslationFilter.java:122)
	at org.springframework.security.web.access.ExceptionTranslationFilter.doFilter(ExceptionTranslationFilter.java:116)
	at org.springframework.security.web.FilterChainProxy$VirtualFilterChain.doFilter(FilterChainProxy.java:346)
	at org.springframework.security.web.session.SessionManagementFilter.doFilter(SessionManagementFilter.java:126)
	at org.springframework.security.web.session.SessionManagementFilter.doFilter(SessionManagementFilter.java:81)
	at org.springframework.security.web.FilterChainProxy$VirtualFilterChain.doFilter(FilterChainProxy.java:346)
	at org.springframework.security.web.authentication.AnonymousAuthenticationFilter.doFilter(AnonymousAuthenticationFilter.java:109)
	at org.springframework.security.web.FilterChainProxy$VirtualFilterChain.doFilter(FilterChainProxy.java:346)
	at org.springframework.security.web.servletapi.SecurityContextHolderAwareRequestFilter.doFilter(SecurityContextHolderAwareRequestFilter.java:149)
	at org.springframework.security.web.FilterChainProxy$VirtualFilterChain.doFilter(FilterChainProxy.java:346)
	at org.springframework.security.web.savedrequest.RequestCacheAwareFilter.doFilter(RequestCacheAwareFilter.java:63)
	at org.springframework.security.web.FilterChainProxy$VirtualFilterChain.doFilter(FilterChainProxy.java:346)
	at com.cookerytech.security.jwt.AuthTokenFilter.doFilterInternal(AuthTokenFilter.java:49)
	at org.springframework.web.filter.OncePerRequestFilter.doFilter(OncePerRequestFilter.java:117)
	at org.springframework.security.web.FilterChainProxy$VirtualFilterChain.doFilter(FilterChainProxy.java:346)
	at org.springframework.security.web.authentication.logout.LogoutFilter.doFilter(LogoutFilter.java:103)
	at org.springframework.security.web.authentication.logout.LogoutFilter.doFilter(LogoutFilter.java:89)
	at org.springframework.security.web.FilterChainProxy$VirtualFilterChain.doFilter(FilterChainProxy.java:346)
	at org.springframework.security.web.header.HeaderWriterFilter.doHeadersAfter(HeaderWriterFilter.java:90)
	at org.springframework.security.web.header.HeaderWriterFilter.doFilterInternal(HeaderWriterFilter.java:75)
	at org.springframework.web.filter.OncePerRequestFilter.doFilter(OncePerRequestFilter.java:117)
	at org.springframework.security.web.FilterChainProxy$VirtualFilterChain.doFilter(FilterChainProxy.java:346)
	at org.springframework.security.web.context.SecurityContextPersistenceFilter.doFilter(SecurityContextPersistenceFilter.java:112)
	at org.springframework.security.web.context.SecurityContextPersistenceFilter.doFilter(SecurityContextPersistenceFilter.java:82)
	at org.springframework.security.web.FilterChainProxy$VirtualFilterChain.doFilter(FilterChainProxy.java:346)
	at org.springframework.security.web.context.request.async.WebAsyncManagerIntegrationFilter.doFilterInternal(WebAsyncManagerIntegrationFilter.java:55)
	at org.springframework.web.filter.OncePerRequestFilter.doFilter(OncePerRequestFilter.java:117)
	at org.springframework.security.web.FilterChainProxy$VirtualFilterChain.doFilter(FilterChainProxy.java:346)
	at org.springframework.security.web.session.DisableEncodeUrlFilter.doFilterInternal(DisableEncodeUrlFilter.java:42)
	at org.springframework.web.filter.OncePerRequestFilter.doFilter(OncePerRequestFilter.java:117)
	at org.springframework.security.web.FilterChainProxy$VirtualFilterChain.doFilter(FilterChainProxy.java:346)
	at org.springframework.security.web.FilterChainProxy.doFilterInternal(FilterChainProxy.java:221)
	at org.springframework.security.web.FilterChainProxy.doFilter(FilterChainProxy.java:186)
	at org.springframework.web.filter.DelegatingFilterProxy.invokeDelegate(DelegatingFilterProxy.java:354)
	at org.springframework.web.filter.DelegatingFilterProxy.doFilter(DelegatingFilterProxy.java:267)
	at org.apache.catalina.core.ApplicationFilterChain.internalDoFilter(ApplicationFilterChain.java:178)
	at org.apache.catalina.core.ApplicationFilterChain.doFilter(ApplicationFilterChain.java:153)
	at org.springframework.web.filter.RequestContextFilter.doFilterInternal(RequestContextFilter.java:100)
	at org.springframework.web.filter.OncePerRequestFilter.doFilter(OncePerRequestFilter.java:117)
	at org.apache.catalina.core.ApplicationFilterChain.internalDoFilter(ApplicationFilterChain.java:178)
	at org.apache.catalina.core.ApplicationFilterChain.doFilter(ApplicationFilterChain.java:153)
	at org.springframework.web.filter.FormContentFilter.doFilterInternal(FormContentFilter.java:93)
	at org.springframework.web.filter.OncePerRequestFilter.doFilter(OncePerRequestFilter.java:117)
	at org.apache.catalina.core.ApplicationFilterChain.internalDoFilter(ApplicationFilterChain.java:178)
	at org.apache.catalina.core.ApplicationFilterChain.doFilter(ApplicationFilterChain.java:153)
	at org.springframework.boot.actuate.metrics.web.servlet.WebMvcMetricsFilter.doFilterInternal(WebMvcMetricsFilter.java:96)
	at org.springframework.web.filter.OncePerRequestFilter.doFilter(OncePerRequestFilter.java:117)
	at org.apache.catalina.core.ApplicationFilterChain.internalDoFilter(ApplicationFilterChain.java:178)
	at org.apache.catalina.core.ApplicationFilterChain.doFilter(ApplicationFilterChain.java:153)
	at org.springframework.web.filter.CharacterEncodingFilter.doFilterInternal(CharacterEncodingFilter.java:201)
	at org.springframework.web.filter.OncePerRequestFilter.doFilter(OncePerRequestFilter.java:117)
	at org.apache.catalina.core.ApplicationFilterChain.internalDoFilter(ApplicationFilterChain.java:178)
	at org.apache.catalina.core.ApplicationFilterChain.doFilter(ApplicationFilterChain.java:153)
	at org.apache.catalina.core.StandardWrapperValve.invoke(StandardWrapperValve.java:167)
	at org.apache.catalina.core.StandardContextValve.invoke(StandardContextValve.java:90)
	at org.apache.catalina.authenticator.AuthenticatorBase.invoke(AuthenticatorBase.java:481)
	at org.apache.catalina.core.StandardHostValve.invoke(StandardHostValve.java:130)
	at org.apache.catalina.valves.ErrorReportValve.invoke(ErrorReportValve.java:93)
	at org.apache.catalina.core.StandardEngineValve.invoke(StandardEngineValve.java:74)
	at org.apache.catalina.connector.CoyoteAdapter.service(CoyoteAdapter.java:343)
	at org.apache.coyote.http11.Http11Processor.service(Http11Processor.java:390)
	at org.apache.coyote.AbstractProcessorLight.process(AbstractProcessorLight.java:63)
	at org.apache.coyote.AbstractProtocol$ConnectionHandler.process(AbstractProtocol.java:926)
	at org.apache.tomcat.util.net.NioEndpoint$SocketProcessor.doRun(NioEndpoint.java:1791)
	at org.apache.tomcat.util.net.SocketProcessorBase.run(SocketProcessorBase.java:52)
	at org.apache.tomcat.util.threads.ThreadPoolExecutor.runWorker(ThreadPoolExecutor.java:1191)
	at org.apache.tomcat.util.threads.ThreadPoolExecutor$Worker.run(ThreadPoolExecutor.java:659)
	at org.apache.tomcat.util.threads.TaskThread$WrappingRunnable.run(TaskThread.java:61)
	at java.base/java.lang.Thread.run(Thread.java:834)
2023-09-05 22:12:02,463 ERROR [http-nio-8080-exec-8] org.apache.catalina.core.ContainerBase.[Tomcat].[localhost].[/].[dispatcherServlet]:Servlet.service() for servlet [dispatcherServlet] in context with path [] threw exception [Request processing failed; nested exception is javax.validation.UnexpectedTypeException: HV000030: No validator could be found for constraint 'javax.validation.constraints.NotBlank' validating type 'java.time.LocalDate'. Check configuration for 'birthDate'] with root cause
javax.validation.UnexpectedTypeException: HV000030: No validator could be found for constraint 'javax.validation.constraints.NotBlank' validating type 'java.time.LocalDate'. Check configuration for 'birthDate'
	at org.hibernate.validator.internal.engine.constraintvalidation.ConstraintTree.getExceptionForNullValidator(ConstraintTree.java:116)
	at org.hibernate.validator.internal.engine.constraintvalidation.ConstraintTree.getInitializedConstraintValidator(ConstraintTree.java:162)
	at org.hibernate.validator.internal.engine.constraintvalidation.SimpleConstraintTree.validateConstraints(SimpleConstraintTree.java:54)
	at org.hibernate.validator.internal.engine.constraintvalidation.ConstraintTree.validateConstraints(ConstraintTree.java:75)
	at org.hibernate.validator.internal.metadata.core.MetaConstraint.doValidateConstraint(MetaConstraint.java:130)
	at org.hibernate.validator.internal.metadata.core.MetaConstraint.validateConstraint(MetaConstraint.java:123)
	at org.hibernate.validator.internal.engine.ValidatorImpl.validateMetaConstraint(ValidatorImpl.java:555)
	at org.hibernate.validator.internal.engine.ValidatorImpl.validateConstraintsForSingleDefaultGroupElement(ValidatorImpl.java:518)
	at org.hibernate.validator.internal.engine.ValidatorImpl.validateConstraintsForDefaultGroup(ValidatorImpl.java:488)
	at org.hibernate.validator.internal.engine.ValidatorImpl.validateConstraintsForCurrentGroup(ValidatorImpl.java:450)
	at org.hibernate.validator.internal.engine.ValidatorImpl.validateInContext(ValidatorImpl.java:400)
	at org.hibernate.validator.internal.engine.ValidatorImpl.validate(ValidatorImpl.java:172)
	at org.springframework.validation.beanvalidation.SpringValidatorAdapter.validate(SpringValidatorAdapter.java:109)
	at org.springframework.boot.autoconfigure.validation.ValidatorAdapter.validate(ValidatorAdapter.java:66)
	at org.springframework.validation.DataBinder.validate(DataBinder.java:933)
	at org.springframework.web.servlet.mvc.method.annotation.AbstractMessageConverterMethodArgumentResolver.validateIfApplicable(AbstractMessageConverterMethodArgumentResolver.java:250)
	at org.springframework.web.servlet.mvc.method.annotation.RequestResponseBodyMethodProcessor.resolveArgument(RequestResponseBodyMethodProcessor.java:139)
	at org.springframework.web.method.support.HandlerMethodArgumentResolverComposite.resolveArgument(HandlerMethodArgumentResolverComposite.java:122)
	at org.springframework.web.method.support.InvocableHandlerMethod.getMethodArgumentValues(InvocableHandlerMethod.java:179)
	at org.springframework.web.method.support.InvocableHandlerMethod.invokeForRequest(InvocableHandlerMethod.java:146)
	at org.springframework.web.servlet.mvc.method.annotation.ServletInvocableHandlerMethod.invokeAndHandle(ServletInvocableHandlerMethod.java:117)
	at org.springframework.web.servlet.mvc.method.annotation.RequestMappingHandlerAdapter.invokeHandlerMethod(RequestMappingHandlerAdapter.java:895)
	at org.springframework.web.servlet.mvc.method.annotation.RequestMappingHandlerAdapter.handleInternal(RequestMappingHandlerAdapter.java:808)
	at org.springframework.web.servlet.mvc.method.AbstractHandlerMethodAdapter.handle(AbstractHandlerMethodAdapter.java:87)
	at org.springframework.web.servlet.DispatcherServlet.doDispatch(DispatcherServlet.java:1072)
	at org.springframework.web.servlet.DispatcherServlet.doService(DispatcherServlet.java:965)
	at org.springframework.web.servlet.FrameworkServlet.processRequest(FrameworkServlet.java:1006)
	at org.springframework.web.servlet.FrameworkServlet.doPut(FrameworkServlet.java:920)
	at javax.servlet.http.HttpServlet.service(HttpServlet.java:558)
	at org.springframework.web.servlet.FrameworkServlet.service(FrameworkServlet.java:883)
	at javax.servlet.http.HttpServlet.service(HttpServlet.java:623)
	at org.apache.catalina.core.ApplicationFilterChain.internalDoFilter(ApplicationFilterChain.java:209)
	at org.apache.catalina.core.ApplicationFilterChain.doFilter(ApplicationFilterChain.java:153)
	at org.apache.tomcat.websocket.server.WsFilter.doFilter(WsFilter.java:51)
	at org.apache.catalina.core.ApplicationFilterChain.internalDoFilter(ApplicationFilterChain.java:178)
	at org.apache.catalina.core.ApplicationFilterChain.doFilter(ApplicationFilterChain.java:153)
	at org.springframework.web.filter.OncePerRequestFilter.doFilter(OncePerRequestFilter.java:111)
	at org.apache.catalina.core.ApplicationFilterChain.internalDoFilter(ApplicationFilterChain.java:178)
	at org.apache.catalina.core.ApplicationFilterChain.doFilter(ApplicationFilterChain.java:153)
	at org.springframework.security.web.FilterChainProxy$VirtualFilterChain.doFilter(FilterChainProxy.java:337)
	at org.springframework.security.web.access.intercept.FilterSecurityInterceptor.invoke(FilterSecurityInterceptor.java:115)
	at org.springframework.security.web.access.intercept.FilterSecurityInterceptor.doFilter(FilterSecurityInterceptor.java:81)
	at org.springframework.security.web.FilterChainProxy$VirtualFilterChain.doFilter(FilterChainProxy.java:346)
	at org.springframework.security.web.access.ExceptionTranslationFilter.doFilter(ExceptionTranslationFilter.java:122)
	at org.springframework.security.web.access.ExceptionTranslationFilter.doFilter(ExceptionTranslationFilter.java:116)
	at org.springframework.security.web.FilterChainProxy$VirtualFilterChain.doFilter(FilterChainProxy.java:346)
	at org.springframework.security.web.session.SessionManagementFilter.doFilter(SessionManagementFilter.java:126)
	at org.springframework.security.web.session.SessionManagementFilter.doFilter(SessionManagementFilter.java:81)
	at org.springframework.security.web.FilterChainProxy$VirtualFilterChain.doFilter(FilterChainProxy.java:346)
	at org.springframework.security.web.authentication.AnonymousAuthenticationFilter.doFilter(AnonymousAuthenticationFilter.java:109)
	at org.springframework.security.web.FilterChainProxy$VirtualFilterChain.doFilter(FilterChainProxy.java:346)
	at org.springframework.security.web.servletapi.SecurityContextHolderAwareRequestFilter.doFilter(SecurityContextHolderAwareRequestFilter.java:149)
	at org.springframework.security.web.FilterChainProxy$VirtualFilterChain.doFilter(FilterChainProxy.java:346)
	at org.springframework.security.web.savedrequest.RequestCacheAwareFilter.doFilter(RequestCacheAwareFilter.java:63)
	at org.springframework.security.web.FilterChainProxy$VirtualFilterChain.doFilter(FilterChainProxy.java:346)
	at com.cookerytech.security.jwt.AuthTokenFilter.doFilterInternal(AuthTokenFilter.java:49)
	at org.springframework.web.filter.OncePerRequestFilter.doFilter(OncePerRequestFilter.java:117)
	at org.springframework.security.web.FilterChainProxy$VirtualFilterChain.doFilter(FilterChainProxy.java:346)
	at org.springframework.security.web.authentication.logout.LogoutFilter.doFilter(LogoutFilter.java:103)
	at org.springframework.security.web.authentication.logout.LogoutFilter.doFilter(LogoutFilter.java:89)
	at org.springframework.security.web.FilterChainProxy$VirtualFilterChain.doFilter(FilterChainProxy.java:346)
	at org.springframework.security.web.header.HeaderWriterFilter.doHeadersAfter(HeaderWriterFilter.java:90)
	at org.springframework.security.web.header.HeaderWriterFilter.doFilterInternal(HeaderWriterFilter.java:75)
	at org.springframework.web.filter.OncePerRequestFilter.doFilter(OncePerRequestFilter.java:117)
	at org.springframework.security.web.FilterChainProxy$VirtualFilterChain.doFilter(FilterChainProxy.java:346)
	at org.springframework.security.web.context.SecurityContextPersistenceFilter.doFilter(SecurityContextPersistenceFilter.java:112)
	at org.springframework.security.web.context.SecurityContextPersistenceFilter.doFilter(SecurityContextPersistenceFilter.java:82)
	at org.springframework.security.web.FilterChainProxy$VirtualFilterChain.doFilter(FilterChainProxy.java:346)
	at org.springframework.security.web.context.request.async.WebAsyncManagerIntegrationFilter.doFilterInternal(WebAsyncManagerIntegrationFilter.java:55)
	at org.springframework.web.filter.OncePerRequestFilter.doFilter(OncePerRequestFilter.java:117)
	at org.springframework.security.web.FilterChainProxy$VirtualFilterChain.doFilter(FilterChainProxy.java:346)
	at org.springframework.security.web.session.DisableEncodeUrlFilter.doFilterInternal(DisableEncodeUrlFilter.java:42)
	at org.springframework.web.filter.OncePerRequestFilter.doFilter(OncePerRequestFilter.java:117)
	at org.springframework.security.web.FilterChainProxy$VirtualFilterChain.doFilter(FilterChainProxy.java:346)
	at org.springframework.security.web.FilterChainProxy.doFilterInternal(FilterChainProxy.java:221)
	at org.springframework.security.web.FilterChainProxy.doFilter(FilterChainProxy.java:186)
	at org.springframework.web.filter.DelegatingFilterProxy.invokeDelegate(DelegatingFilterProxy.java:354)
	at org.springframework.web.filter.DelegatingFilterProxy.doFilter(DelegatingFilterProxy.java:267)
	at org.apache.catalina.core.ApplicationFilterChain.internalDoFilter(ApplicationFilterChain.java:178)
	at org.apache.catalina.core.ApplicationFilterChain.doFilter(ApplicationFilterChain.java:153)
	at org.springframework.web.filter.RequestContextFilter.doFilterInternal(RequestContextFilter.java:100)
	at org.springframework.web.filter.OncePerRequestFilter.doFilter(OncePerRequestFilter.java:117)
	at org.apache.catalina.core.ApplicationFilterChain.internalDoFilter(ApplicationFilterChain.java:178)
	at org.apache.catalina.core.ApplicationFilterChain.doFilter(ApplicationFilterChain.java:153)
	at org.springframework.web.filter.FormContentFilter.doFilterInternal(FormContentFilter.java:93)
	at org.springframework.web.filter.OncePerRequestFilter.doFilter(OncePerRequestFilter.java:117)
	at org.apache.catalina.core.ApplicationFilterChain.internalDoFilter(ApplicationFilterChain.java:178)
	at org.apache.catalina.core.ApplicationFilterChain.doFilter(ApplicationFilterChain.java:153)
	at org.springframework.boot.actuate.metrics.web.servlet.WebMvcMetricsFilter.doFilterInternal(WebMvcMetricsFilter.java:96)
	at org.springframework.web.filter.OncePerRequestFilter.doFilter(OncePerRequestFilter.java:117)
	at org.apache.catalina.core.ApplicationFilterChain.internalDoFilter(ApplicationFilterChain.java:178)
	at org.apache.catalina.core.ApplicationFilterChain.doFilter(ApplicationFilterChain.java:153)
	at org.springframework.web.filter.CharacterEncodingFilter.doFilterInternal(CharacterEncodingFilter.java:201)
	at org.springframework.web.filter.OncePerRequestFilter.doFilter(OncePerRequestFilter.java:117)
	at org.apache.catalina.core.ApplicationFilterChain.internalDoFilter(ApplicationFilterChain.java:178)
	at org.apache.catalina.core.ApplicationFilterChain.doFilter(ApplicationFilterChain.java:153)
	at org.apache.catalina.core.StandardWrapperValve.invoke(StandardWrapperValve.java:167)
	at org.apache.catalina.core.StandardContextValve.invoke(StandardContextValve.java:90)
	at org.apache.catalina.authenticator.AuthenticatorBase.invoke(AuthenticatorBase.java:481)
	at org.apache.catalina.core.StandardHostValve.invoke(StandardHostValve.java:130)
	at org.apache.catalina.valves.ErrorReportValve.invoke(ErrorReportValve.java:93)
	at org.apache.catalina.core.StandardEngineValve.invoke(StandardEngineValve.java:74)
	at org.apache.catalina.connector.CoyoteAdapter.service(CoyoteAdapter.java:343)
	at org.apache.coyote.http11.Http11Processor.service(Http11Processor.java:390)
	at org.apache.coyote.AbstractProcessorLight.process(AbstractProcessorLight.java:63)
	at org.apache.coyote.AbstractProtocol$ConnectionHandler.process(AbstractProtocol.java:926)
	at org.apache.tomcat.util.net.NioEndpoint$SocketProcessor.doRun(NioEndpoint.java:1791)
	at org.apache.tomcat.util.net.SocketProcessorBase.run(SocketProcessorBase.java:52)
	at org.apache.tomcat.util.threads.ThreadPoolExecutor.runWorker(ThreadPoolExecutor.java:1191)
	at org.apache.tomcat.util.threads.ThreadPoolExecutor$Worker.run(ThreadPoolExecutor.java:659)
	at org.apache.tomcat.util.threads.TaskThread$WrappingRunnable.run(TaskThread.java:61)
	at java.base/java.lang.Thread.run(Thread.java:834)
2023-09-05 22:12:03,181 ERROR [http-nio-8080-exec-10] org.apache.catalina.core.ContainerBase.[Tomcat].[localhost].[/].[dispatcherServlet]:Servlet.service() for servlet [dispatcherServlet] in context with path [] threw exception [Request processing failed; nested exception is javax.validation.UnexpectedTypeException: HV000030: No validator could be found for constraint 'javax.validation.constraints.NotBlank' validating type 'java.time.LocalDate'. Check configuration for 'birthDate'] with root cause
javax.validation.UnexpectedTypeException: HV000030: No validator could be found for constraint 'javax.validation.constraints.NotBlank' validating type 'java.time.LocalDate'. Check configuration for 'birthDate'
	at org.hibernate.validator.internal.engine.constraintvalidation.ConstraintTree.getExceptionForNullValidator(ConstraintTree.java:116)
	at org.hibernate.validator.internal.engine.constraintvalidation.ConstraintTree.getInitializedConstraintValidator(ConstraintTree.java:162)
	at org.hibernate.validator.internal.engine.constraintvalidation.SimpleConstraintTree.validateConstraints(SimpleConstraintTree.java:54)
	at org.hibernate.validator.internal.engine.constraintvalidation.ConstraintTree.validateConstraints(ConstraintTree.java:75)
	at org.hibernate.validator.internal.metadata.core.MetaConstraint.doValidateConstraint(MetaConstraint.java:130)
	at org.hibernate.validator.internal.metadata.core.MetaConstraint.validateConstraint(MetaConstraint.java:123)
	at org.hibernate.validator.internal.engine.ValidatorImpl.validateMetaConstraint(ValidatorImpl.java:555)
	at org.hibernate.validator.internal.engine.ValidatorImpl.validateConstraintsForSingleDefaultGroupElement(ValidatorImpl.java:518)
	at org.hibernate.validator.internal.engine.ValidatorImpl.validateConstraintsForDefaultGroup(ValidatorImpl.java:488)
	at org.hibernate.validator.internal.engine.ValidatorImpl.validateConstraintsForCurrentGroup(ValidatorImpl.java:450)
	at org.hibernate.validator.internal.engine.ValidatorImpl.validateInContext(ValidatorImpl.java:400)
	at org.hibernate.validator.internal.engine.ValidatorImpl.validate(ValidatorImpl.java:172)
	at org.springframework.validation.beanvalidation.SpringValidatorAdapter.validate(SpringValidatorAdapter.java:109)
	at org.springframework.boot.autoconfigure.validation.ValidatorAdapter.validate(ValidatorAdapter.java:66)
	at org.springframework.validation.DataBinder.validate(DataBinder.java:933)
	at org.springframework.web.servlet.mvc.method.annotation.AbstractMessageConverterMethodArgumentResolver.validateIfApplicable(AbstractMessageConverterMethodArgumentResolver.java:250)
	at org.springframework.web.servlet.mvc.method.annotation.RequestResponseBodyMethodProcessor.resolveArgument(RequestResponseBodyMethodProcessor.java:139)
	at org.springframework.web.method.support.HandlerMethodArgumentResolverComposite.resolveArgument(HandlerMethodArgumentResolverComposite.java:122)
	at org.springframework.web.method.support.InvocableHandlerMethod.getMethodArgumentValues(InvocableHandlerMethod.java:179)
	at org.springframework.web.method.support.InvocableHandlerMethod.invokeForRequest(InvocableHandlerMethod.java:146)
	at org.springframework.web.servlet.mvc.method.annotation.ServletInvocableHandlerMethod.invokeAndHandle(ServletInvocableHandlerMethod.java:117)
	at org.springframework.web.servlet.mvc.method.annotation.RequestMappingHandlerAdapter.invokeHandlerMethod(RequestMappingHandlerAdapter.java:895)
	at org.springframework.web.servlet.mvc.method.annotation.RequestMappingHandlerAdapter.handleInternal(RequestMappingHandlerAdapter.java:808)
	at org.springframework.web.servlet.mvc.method.AbstractHandlerMethodAdapter.handle(AbstractHandlerMethodAdapter.java:87)
	at org.springframework.web.servlet.DispatcherServlet.doDispatch(DispatcherServlet.java:1072)
	at org.springframework.web.servlet.DispatcherServlet.doService(DispatcherServlet.java:965)
	at org.springframework.web.servlet.FrameworkServlet.processRequest(FrameworkServlet.java:1006)
	at org.springframework.web.servlet.FrameworkServlet.doPut(FrameworkServlet.java:920)
	at javax.servlet.http.HttpServlet.service(HttpServlet.java:558)
	at org.springframework.web.servlet.FrameworkServlet.service(FrameworkServlet.java:883)
	at javax.servlet.http.HttpServlet.service(HttpServlet.java:623)
	at org.apache.catalina.core.ApplicationFilterChain.internalDoFilter(ApplicationFilterChain.java:209)
	at org.apache.catalina.core.ApplicationFilterChain.doFilter(ApplicationFilterChain.java:153)
	at org.apache.tomcat.websocket.server.WsFilter.doFilter(WsFilter.java:51)
	at org.apache.catalina.core.ApplicationFilterChain.internalDoFilter(ApplicationFilterChain.java:178)
	at org.apache.catalina.core.ApplicationFilterChain.doFilter(ApplicationFilterChain.java:153)
	at org.springframework.web.filter.OncePerRequestFilter.doFilter(OncePerRequestFilter.java:111)
	at org.apache.catalina.core.ApplicationFilterChain.internalDoFilter(ApplicationFilterChain.java:178)
	at org.apache.catalina.core.ApplicationFilterChain.doFilter(ApplicationFilterChain.java:153)
	at org.springframework.security.web.FilterChainProxy$VirtualFilterChain.doFilter(FilterChainProxy.java:337)
	at org.springframework.security.web.access.intercept.FilterSecurityInterceptor.invoke(FilterSecurityInterceptor.java:115)
	at org.springframework.security.web.access.intercept.FilterSecurityInterceptor.doFilter(FilterSecurityInterceptor.java:81)
	at org.springframework.security.web.FilterChainProxy$VirtualFilterChain.doFilter(FilterChainProxy.java:346)
	at org.springframework.security.web.access.ExceptionTranslationFilter.doFilter(ExceptionTranslationFilter.java:122)
	at org.springframework.security.web.access.ExceptionTranslationFilter.doFilter(ExceptionTranslationFilter.java:116)
	at org.springframework.security.web.FilterChainProxy$VirtualFilterChain.doFilter(FilterChainProxy.java:346)
	at org.springframework.security.web.session.SessionManagementFilter.doFilter(SessionManagementFilter.java:126)
	at org.springframework.security.web.session.SessionManagementFilter.doFilter(SessionManagementFilter.java:81)
	at org.springframework.security.web.FilterChainProxy$VirtualFilterChain.doFilter(FilterChainProxy.java:346)
	at org.springframework.security.web.authentication.AnonymousAuthenticationFilter.doFilter(AnonymousAuthenticationFilter.java:109)
	at org.springframework.security.web.FilterChainProxy$VirtualFilterChain.doFilter(FilterChainProxy.java:346)
	at org.springframework.security.web.servletapi.SecurityContextHolderAwareRequestFilter.doFilter(SecurityContextHolderAwareRequestFilter.java:149)
	at org.springframework.security.web.FilterChainProxy$VirtualFilterChain.doFilter(FilterChainProxy.java:346)
	at org.springframework.security.web.savedrequest.RequestCacheAwareFilter.doFilter(RequestCacheAwareFilter.java:63)
	at org.springframework.security.web.FilterChainProxy$VirtualFilterChain.doFilter(FilterChainProxy.java:346)
	at com.cookerytech.security.jwt.AuthTokenFilter.doFilterInternal(AuthTokenFilter.java:49)
	at org.springframework.web.filter.OncePerRequestFilter.doFilter(OncePerRequestFilter.java:117)
	at org.springframework.security.web.FilterChainProxy$VirtualFilterChain.doFilter(FilterChainProxy.java:346)
	at org.springframework.security.web.authentication.logout.LogoutFilter.doFilter(LogoutFilter.java:103)
	at org.springframework.security.web.authentication.logout.LogoutFilter.doFilter(LogoutFilter.java:89)
	at org.springframework.security.web.FilterChainProxy$VirtualFilterChain.doFilter(FilterChainProxy.java:346)
	at org.springframework.security.web.header.HeaderWriterFilter.doHeadersAfter(HeaderWriterFilter.java:90)
	at org.springframework.security.web.header.HeaderWriterFilter.doFilterInternal(HeaderWriterFilter.java:75)
	at org.springframework.web.filter.OncePerRequestFilter.doFilter(OncePerRequestFilter.java:117)
	at org.springframework.security.web.FilterChainProxy$VirtualFilterChain.doFilter(FilterChainProxy.java:346)
	at org.springframework.security.web.context.SecurityContextPersistenceFilter.doFilter(SecurityContextPersistenceFilter.java:112)
	at org.springframework.security.web.context.SecurityContextPersistenceFilter.doFilter(SecurityContextPersistenceFilter.java:82)
	at org.springframework.security.web.FilterChainProxy$VirtualFilterChain.doFilter(FilterChainProxy.java:346)
	at org.springframework.security.web.context.request.async.WebAsyncManagerIntegrationFilter.doFilterInternal(WebAsyncManagerIntegrationFilter.java:55)
	at org.springframework.web.filter.OncePerRequestFilter.doFilter(OncePerRequestFilter.java:117)
	at org.springframework.security.web.FilterChainProxy$VirtualFilterChain.doFilter(FilterChainProxy.java:346)
	at org.springframework.security.web.session.DisableEncodeUrlFilter.doFilterInternal(DisableEncodeUrlFilter.java:42)
	at org.springframework.web.filter.OncePerRequestFilter.doFilter(OncePerRequestFilter.java:117)
	at org.springframework.security.web.FilterChainProxy$VirtualFilterChain.doFilter(FilterChainProxy.java:346)
	at org.springframework.security.web.FilterChainProxy.doFilterInternal(FilterChainProxy.java:221)
	at org.springframework.security.web.FilterChainProxy.doFilter(FilterChainProxy.java:186)
	at org.springframework.web.filter.DelegatingFilterProxy.invokeDelegate(DelegatingFilterProxy.java:354)
	at org.springframework.web.filter.DelegatingFilterProxy.doFilter(DelegatingFilterProxy.java:267)
	at org.apache.catalina.core.ApplicationFilterChain.internalDoFilter(ApplicationFilterChain.java:178)
	at org.apache.catalina.core.ApplicationFilterChain.doFilter(ApplicationFilterChain.java:153)
	at org.springframework.web.filter.RequestContextFilter.doFilterInternal(RequestContextFilter.java:100)
	at org.springframework.web.filter.OncePerRequestFilter.doFilter(OncePerRequestFilter.java:117)
	at org.apache.catalina.core.ApplicationFilterChain.internalDoFilter(ApplicationFilterChain.java:178)
	at org.apache.catalina.core.ApplicationFilterChain.doFilter(ApplicationFilterChain.java:153)
	at org.springframework.web.filter.FormContentFilter.doFilterInternal(FormContentFilter.java:93)
	at org.springframework.web.filter.OncePerRequestFilter.doFilter(OncePerRequestFilter.java:117)
	at org.apache.catalina.core.ApplicationFilterChain.internalDoFilter(ApplicationFilterChain.java:178)
	at org.apache.catalina.core.ApplicationFilterChain.doFilter(ApplicationFilterChain.java:153)
	at org.springframework.boot.actuate.metrics.web.servlet.WebMvcMetricsFilter.doFilterInternal(WebMvcMetricsFilter.java:96)
	at org.springframework.web.filter.OncePerRequestFilter.doFilter(OncePerRequestFilter.java:117)
	at org.apache.catalina.core.ApplicationFilterChain.internalDoFilter(ApplicationFilterChain.java:178)
	at org.apache.catalina.core.ApplicationFilterChain.doFilter(ApplicationFilterChain.java:153)
	at org.springframework.web.filter.CharacterEncodingFilter.doFilterInternal(CharacterEncodingFilter.java:201)
	at org.springframework.web.filter.OncePerRequestFilter.doFilter(OncePerRequestFilter.java:117)
	at org.apache.catalina.core.ApplicationFilterChain.internalDoFilter(ApplicationFilterChain.java:178)
	at org.apache.catalina.core.ApplicationFilterChain.doFilter(ApplicationFilterChain.java:153)
	at org.apache.catalina.core.StandardWrapperValve.invoke(StandardWrapperValve.java:167)
	at org.apache.catalina.core.StandardContextValve.invoke(StandardContextValve.java:90)
	at org.apache.catalina.authenticator.AuthenticatorBase.invoke(AuthenticatorBase.java:481)
	at org.apache.catalina.core.StandardHostValve.invoke(StandardHostValve.java:130)
	at org.apache.catalina.valves.ErrorReportValve.invoke(ErrorReportValve.java:93)
	at org.apache.catalina.core.StandardEngineValve.invoke(StandardEngineValve.java:74)
	at org.apache.catalina.connector.CoyoteAdapter.service(CoyoteAdapter.java:343)
	at org.apache.coyote.http11.Http11Processor.service(Http11Processor.java:390)
	at org.apache.coyote.AbstractProcessorLight.process(AbstractProcessorLight.java:63)
	at org.apache.coyote.AbstractProtocol$ConnectionHandler.process(AbstractProtocol.java:926)
	at org.apache.tomcat.util.net.NioEndpoint$SocketProcessor.doRun(NioEndpoint.java:1791)
	at org.apache.tomcat.util.net.SocketProcessorBase.run(SocketProcessorBase.java:52)
	at org.apache.tomcat.util.threads.ThreadPoolExecutor.runWorker(ThreadPoolExecutor.java:1191)
	at org.apache.tomcat.util.threads.ThreadPoolExecutor$Worker.run(ThreadPoolExecutor.java:659)
	at org.apache.tomcat.util.threads.TaskThread$WrappingRunnable.run(TaskThread.java:61)
	at java.base/java.lang.Thread.run(Thread.java:834)
2023-09-05 22:12:03,707 ERROR [http-nio-8080-exec-3] org.apache.catalina.core.ContainerBase.[Tomcat].[localhost].[/].[dispatcherServlet]:Servlet.service() for servlet [dispatcherServlet] in context with path [] threw exception [Request processing failed; nested exception is javax.validation.UnexpectedTypeException: HV000030: No validator could be found for constraint 'javax.validation.constraints.NotBlank' validating type 'java.time.LocalDate'. Check configuration for 'birthDate'] with root cause
javax.validation.UnexpectedTypeException: HV000030: No validator could be found for constraint 'javax.validation.constraints.NotBlank' validating type 'java.time.LocalDate'. Check configuration for 'birthDate'
	at org.hibernate.validator.internal.engine.constraintvalidation.ConstraintTree.getExceptionForNullValidator(ConstraintTree.java:116)
	at org.hibernate.validator.internal.engine.constraintvalidation.ConstraintTree.getInitializedConstraintValidator(ConstraintTree.java:162)
	at org.hibernate.validator.internal.engine.constraintvalidation.SimpleConstraintTree.validateConstraints(SimpleConstraintTree.java:54)
	at org.hibernate.validator.internal.engine.constraintvalidation.ConstraintTree.validateConstraints(ConstraintTree.java:75)
	at org.hibernate.validator.internal.metadata.core.MetaConstraint.doValidateConstraint(MetaConstraint.java:130)
	at org.hibernate.validator.internal.metadata.core.MetaConstraint.validateConstraint(MetaConstraint.java:123)
	at org.hibernate.validator.internal.engine.ValidatorImpl.validateMetaConstraint(ValidatorImpl.java:555)
	at org.hibernate.validator.internal.engine.ValidatorImpl.validateConstraintsForSingleDefaultGroupElement(ValidatorImpl.java:518)
	at org.hibernate.validator.internal.engine.ValidatorImpl.validateConstraintsForDefaultGroup(ValidatorImpl.java:488)
	at org.hibernate.validator.internal.engine.ValidatorImpl.validateConstraintsForCurrentGroup(ValidatorImpl.java:450)
	at org.hibernate.validator.internal.engine.ValidatorImpl.validateInContext(ValidatorImpl.java:400)
	at org.hibernate.validator.internal.engine.ValidatorImpl.validate(ValidatorImpl.java:172)
	at org.springframework.validation.beanvalidation.SpringValidatorAdapter.validate(SpringValidatorAdapter.java:109)
	at org.springframework.boot.autoconfigure.validation.ValidatorAdapter.validate(ValidatorAdapter.java:66)
	at org.springframework.validation.DataBinder.validate(DataBinder.java:933)
	at org.springframework.web.servlet.mvc.method.annotation.AbstractMessageConverterMethodArgumentResolver.validateIfApplicable(AbstractMessageConverterMethodArgumentResolver.java:250)
	at org.springframework.web.servlet.mvc.method.annotation.RequestResponseBodyMethodProcessor.resolveArgument(RequestResponseBodyMethodProcessor.java:139)
	at org.springframework.web.method.support.HandlerMethodArgumentResolverComposite.resolveArgument(HandlerMethodArgumentResolverComposite.java:122)
	at org.springframework.web.method.support.InvocableHandlerMethod.getMethodArgumentValues(InvocableHandlerMethod.java:179)
	at org.springframework.web.method.support.InvocableHandlerMethod.invokeForRequest(InvocableHandlerMethod.java:146)
	at org.springframework.web.servlet.mvc.method.annotation.ServletInvocableHandlerMethod.invokeAndHandle(ServletInvocableHandlerMethod.java:117)
	at org.springframework.web.servlet.mvc.method.annotation.RequestMappingHandlerAdapter.invokeHandlerMethod(RequestMappingHandlerAdapter.java:895)
	at org.springframework.web.servlet.mvc.method.annotation.RequestMappingHandlerAdapter.handleInternal(RequestMappingHandlerAdapter.java:808)
	at org.springframework.web.servlet.mvc.method.AbstractHandlerMethodAdapter.handle(AbstractHandlerMethodAdapter.java:87)
	at org.springframework.web.servlet.DispatcherServlet.doDispatch(DispatcherServlet.java:1072)
	at org.springframework.web.servlet.DispatcherServlet.doService(DispatcherServlet.java:965)
	at org.springframework.web.servlet.FrameworkServlet.processRequest(FrameworkServlet.java:1006)
	at org.springframework.web.servlet.FrameworkServlet.doPut(FrameworkServlet.java:920)
	at javax.servlet.http.HttpServlet.service(HttpServlet.java:558)
	at org.springframework.web.servlet.FrameworkServlet.service(FrameworkServlet.java:883)
	at javax.servlet.http.HttpServlet.service(HttpServlet.java:623)
	at org.apache.catalina.core.ApplicationFilterChain.internalDoFilter(ApplicationFilterChain.java:209)
	at org.apache.catalina.core.ApplicationFilterChain.doFilter(ApplicationFilterChain.java:153)
	at org.apache.tomcat.websocket.server.WsFilter.doFilter(WsFilter.java:51)
	at org.apache.catalina.core.ApplicationFilterChain.internalDoFilter(ApplicationFilterChain.java:178)
	at org.apache.catalina.core.ApplicationFilterChain.doFilter(ApplicationFilterChain.java:153)
	at org.springframework.web.filter.OncePerRequestFilter.doFilter(OncePerRequestFilter.java:111)
	at org.apache.catalina.core.ApplicationFilterChain.internalDoFilter(ApplicationFilterChain.java:178)
	at org.apache.catalina.core.ApplicationFilterChain.doFilter(ApplicationFilterChain.java:153)
	at org.springframework.security.web.FilterChainProxy$VirtualFilterChain.doFilter(FilterChainProxy.java:337)
	at org.springframework.security.web.access.intercept.FilterSecurityInterceptor.invoke(FilterSecurityInterceptor.java:115)
	at org.springframework.security.web.access.intercept.FilterSecurityInterceptor.doFilter(FilterSecurityInterceptor.java:81)
	at org.springframework.security.web.FilterChainProxy$VirtualFilterChain.doFilter(FilterChainProxy.java:346)
	at org.springframework.security.web.access.ExceptionTranslationFilter.doFilter(ExceptionTranslationFilter.java:122)
	at org.springframework.security.web.access.ExceptionTranslationFilter.doFilter(ExceptionTranslationFilter.java:116)
	at org.springframework.security.web.FilterChainProxy$VirtualFilterChain.doFilter(FilterChainProxy.java:346)
	at org.springframework.security.web.session.SessionManagementFilter.doFilter(SessionManagementFilter.java:126)
	at org.springframework.security.web.session.SessionManagementFilter.doFilter(SessionManagementFilter.java:81)
	at org.springframework.security.web.FilterChainProxy$VirtualFilterChain.doFilter(FilterChainProxy.java:346)
	at org.springframework.security.web.authentication.AnonymousAuthenticationFilter.doFilter(AnonymousAuthenticationFilter.java:109)
	at org.springframework.security.web.FilterChainProxy$VirtualFilterChain.doFilter(FilterChainProxy.java:346)
	at org.springframework.security.web.servletapi.SecurityContextHolderAwareRequestFilter.doFilter(SecurityContextHolderAwareRequestFilter.java:149)
	at org.springframework.security.web.FilterChainProxy$VirtualFilterChain.doFilter(FilterChainProxy.java:346)
	at org.springframework.security.web.savedrequest.RequestCacheAwareFilter.doFilter(RequestCacheAwareFilter.java:63)
	at org.springframework.security.web.FilterChainProxy$VirtualFilterChain.doFilter(FilterChainProxy.java:346)
	at com.cookerytech.security.jwt.AuthTokenFilter.doFilterInternal(AuthTokenFilter.java:49)
	at org.springframework.web.filter.OncePerRequestFilter.doFilter(OncePerRequestFilter.java:117)
	at org.springframework.security.web.FilterChainProxy$VirtualFilterChain.doFilter(FilterChainProxy.java:346)
	at org.springframework.security.web.authentication.logout.LogoutFilter.doFilter(LogoutFilter.java:103)
	at org.springframework.security.web.authentication.logout.LogoutFilter.doFilter(LogoutFilter.java:89)
	at org.springframework.security.web.FilterChainProxy$VirtualFilterChain.doFilter(FilterChainProxy.java:346)
	at org.springframework.security.web.header.HeaderWriterFilter.doHeadersAfter(HeaderWriterFilter.java:90)
	at org.springframework.security.web.header.HeaderWriterFilter.doFilterInternal(HeaderWriterFilter.java:75)
	at org.springframework.web.filter.OncePerRequestFilter.doFilter(OncePerRequestFilter.java:117)
	at org.springframework.security.web.FilterChainProxy$VirtualFilterChain.doFilter(FilterChainProxy.java:346)
	at org.springframework.security.web.context.SecurityContextPersistenceFilter.doFilter(SecurityContextPersistenceFilter.java:112)
	at org.springframework.security.web.context.SecurityContextPersistenceFilter.doFilter(SecurityContextPersistenceFilter.java:82)
	at org.springframework.security.web.FilterChainProxy$VirtualFilterChain.doFilter(FilterChainProxy.java:346)
	at org.springframework.security.web.context.request.async.WebAsyncManagerIntegrationFilter.doFilterInternal(WebAsyncManagerIntegrationFilter.java:55)
	at org.springframework.web.filter.OncePerRequestFilter.doFilter(OncePerRequestFilter.java:117)
	at org.springframework.security.web.FilterChainProxy$VirtualFilterChain.doFilter(FilterChainProxy.java:346)
	at org.springframework.security.web.session.DisableEncodeUrlFilter.doFilterInternal(DisableEncodeUrlFilter.java:42)
	at org.springframework.web.filter.OncePerRequestFilter.doFilter(OncePerRequestFilter.java:117)
	at org.springframework.security.web.FilterChainProxy$VirtualFilterChain.doFilter(FilterChainProxy.java:346)
	at org.springframework.security.web.FilterChainProxy.doFilterInternal(FilterChainProxy.java:221)
	at org.springframework.security.web.FilterChainProxy.doFilter(FilterChainProxy.java:186)
	at org.springframework.web.filter.DelegatingFilterProxy.invokeDelegate(DelegatingFilterProxy.java:354)
	at org.springframework.web.filter.DelegatingFilterProxy.doFilter(DelegatingFilterProxy.java:267)
	at org.apache.catalina.core.ApplicationFilterChain.internalDoFilter(ApplicationFilterChain.java:178)
	at org.apache.catalina.core.ApplicationFilterChain.doFilter(ApplicationFilterChain.java:153)
	at org.springframework.web.filter.RequestContextFilter.doFilterInternal(RequestContextFilter.java:100)
	at org.springframework.web.filter.OncePerRequestFilter.doFilter(OncePerRequestFilter.java:117)
	at org.apache.catalina.core.ApplicationFilterChain.internalDoFilter(ApplicationFilterChain.java:178)
	at org.apache.catalina.core.ApplicationFilterChain.doFilter(ApplicationFilterChain.java:153)
	at org.springframework.web.filter.FormContentFilter.doFilterInternal(FormContentFilter.java:93)
	at org.springframework.web.filter.OncePerRequestFilter.doFilter(OncePerRequestFilter.java:117)
	at org.apache.catalina.core.ApplicationFilterChain.internalDoFilter(ApplicationFilterChain.java:178)
	at org.apache.catalina.core.ApplicationFilterChain.doFilter(ApplicationFilterChain.java:153)
	at org.springframework.boot.actuate.metrics.web.servlet.WebMvcMetricsFilter.doFilterInternal(WebMvcMetricsFilter.java:96)
	at org.springframework.web.filter.OncePerRequestFilter.doFilter(OncePerRequestFilter.java:117)
	at org.apache.catalina.core.ApplicationFilterChain.internalDoFilter(ApplicationFilterChain.java:178)
	at org.apache.catalina.core.ApplicationFilterChain.doFilter(ApplicationFilterChain.java:153)
	at org.springframework.web.filter.CharacterEncodingFilter.doFilterInternal(CharacterEncodingFilter.java:201)
	at org.springframework.web.filter.OncePerRequestFilter.doFilter(OncePerRequestFilter.java:117)
	at org.apache.catalina.core.ApplicationFilterChain.internalDoFilter(ApplicationFilterChain.java:178)
	at org.apache.catalina.core.ApplicationFilterChain.doFilter(ApplicationFilterChain.java:153)
	at org.apache.catalina.core.StandardWrapperValve.invoke(StandardWrapperValve.java:167)
	at org.apache.catalina.core.StandardContextValve.invoke(StandardContextValve.java:90)
	at org.apache.catalina.authenticator.AuthenticatorBase.invoke(AuthenticatorBase.java:481)
	at org.apache.catalina.core.StandardHostValve.invoke(StandardHostValve.java:130)
	at org.apache.catalina.valves.ErrorReportValve.invoke(ErrorReportValve.java:93)
	at org.apache.catalina.core.StandardEngineValve.invoke(StandardEngineValve.java:74)
	at org.apache.catalina.connector.CoyoteAdapter.service(CoyoteAdapter.java:343)
	at org.apache.coyote.http11.Http11Processor.service(Http11Processor.java:390)
	at org.apache.coyote.AbstractProcessorLight.process(AbstractProcessorLight.java:63)
	at org.apache.coyote.AbstractProtocol$ConnectionHandler.process(AbstractProtocol.java:926)
	at org.apache.tomcat.util.net.NioEndpoint$SocketProcessor.doRun(NioEndpoint.java:1791)
	at org.apache.tomcat.util.net.SocketProcessorBase.run(SocketProcessorBase.java:52)
	at org.apache.tomcat.util.threads.ThreadPoolExecutor.runWorker(ThreadPoolExecutor.java:1191)
	at org.apache.tomcat.util.threads.ThreadPoolExecutor$Worker.run(ThreadPoolExecutor.java:659)
	at org.apache.tomcat.util.threads.TaskThread$WrappingRunnable.run(TaskThread.java:61)
	at java.base/java.lang.Thread.run(Thread.java:834)
2023-09-05 22:12:07,644 ERROR [http-nio-8080-exec-2] org.apache.catalina.core.ContainerBase.[Tomcat].[localhost].[/].[dispatcherServlet]:Servlet.service() for servlet [dispatcherServlet] in context with path [] threw exception [Request processing failed; nested exception is javax.validation.UnexpectedTypeException: HV000030: No validator could be found for constraint 'javax.validation.constraints.NotBlank' validating type 'java.time.LocalDate'. Check configuration for 'birthDate'] with root cause
javax.validation.UnexpectedTypeException: HV000030: No validator could be found for constraint 'javax.validation.constraints.NotBlank' validating type 'java.time.LocalDate'. Check configuration for 'birthDate'
	at org.hibernate.validator.internal.engine.constraintvalidation.ConstraintTree.getExceptionForNullValidator(ConstraintTree.java:116)
	at org.hibernate.validator.internal.engine.constraintvalidation.ConstraintTree.getInitializedConstraintValidator(ConstraintTree.java:162)
	at org.hibernate.validator.internal.engine.constraintvalidation.SimpleConstraintTree.validateConstraints(SimpleConstraintTree.java:54)
	at org.hibernate.validator.internal.engine.constraintvalidation.ConstraintTree.validateConstraints(ConstraintTree.java:75)
	at org.hibernate.validator.internal.metadata.core.MetaConstraint.doValidateConstraint(MetaConstraint.java:130)
	at org.hibernate.validator.internal.metadata.core.MetaConstraint.validateConstraint(MetaConstraint.java:123)
	at org.hibernate.validator.internal.engine.ValidatorImpl.validateMetaConstraint(ValidatorImpl.java:555)
	at org.hibernate.validator.internal.engine.ValidatorImpl.validateConstraintsForSingleDefaultGroupElement(ValidatorImpl.java:518)
	at org.hibernate.validator.internal.engine.ValidatorImpl.validateConstraintsForDefaultGroup(ValidatorImpl.java:488)
	at org.hibernate.validator.internal.engine.ValidatorImpl.validateConstraintsForCurrentGroup(ValidatorImpl.java:450)
	at org.hibernate.validator.internal.engine.ValidatorImpl.validateInContext(ValidatorImpl.java:400)
	at org.hibernate.validator.internal.engine.ValidatorImpl.validate(ValidatorImpl.java:172)
	at org.springframework.validation.beanvalidation.SpringValidatorAdapter.validate(SpringValidatorAdapter.java:109)
	at org.springframework.boot.autoconfigure.validation.ValidatorAdapter.validate(ValidatorAdapter.java:66)
	at org.springframework.validation.DataBinder.validate(DataBinder.java:933)
	at org.springframework.web.servlet.mvc.method.annotation.AbstractMessageConverterMethodArgumentResolver.validateIfApplicable(AbstractMessageConverterMethodArgumentResolver.java:250)
	at org.springframework.web.servlet.mvc.method.annotation.RequestResponseBodyMethodProcessor.resolveArgument(RequestResponseBodyMethodProcessor.java:139)
	at org.springframework.web.method.support.HandlerMethodArgumentResolverComposite.resolveArgument(HandlerMethodArgumentResolverComposite.java:122)
	at org.springframework.web.method.support.InvocableHandlerMethod.getMethodArgumentValues(InvocableHandlerMethod.java:179)
	at org.springframework.web.method.support.InvocableHandlerMethod.invokeForRequest(InvocableHandlerMethod.java:146)
	at org.springframework.web.servlet.mvc.method.annotation.ServletInvocableHandlerMethod.invokeAndHandle(ServletInvocableHandlerMethod.java:117)
	at org.springframework.web.servlet.mvc.method.annotation.RequestMappingHandlerAdapter.invokeHandlerMethod(RequestMappingHandlerAdapter.java:895)
	at org.springframework.web.servlet.mvc.method.annotation.RequestMappingHandlerAdapter.handleInternal(RequestMappingHandlerAdapter.java:808)
	at org.springframework.web.servlet.mvc.method.AbstractHandlerMethodAdapter.handle(AbstractHandlerMethodAdapter.java:87)
	at org.springframework.web.servlet.DispatcherServlet.doDispatch(DispatcherServlet.java:1072)
	at org.springframework.web.servlet.DispatcherServlet.doService(DispatcherServlet.java:965)
	at org.springframework.web.servlet.FrameworkServlet.processRequest(FrameworkServlet.java:1006)
	at org.springframework.web.servlet.FrameworkServlet.doPut(FrameworkServlet.java:920)
	at javax.servlet.http.HttpServlet.service(HttpServlet.java:558)
	at org.springframework.web.servlet.FrameworkServlet.service(FrameworkServlet.java:883)
	at javax.servlet.http.HttpServlet.service(HttpServlet.java:623)
	at org.apache.catalina.core.ApplicationFilterChain.internalDoFilter(ApplicationFilterChain.java:209)
	at org.apache.catalina.core.ApplicationFilterChain.doFilter(ApplicationFilterChain.java:153)
	at org.apache.tomcat.websocket.server.WsFilter.doFilter(WsFilter.java:51)
	at org.apache.catalina.core.ApplicationFilterChain.internalDoFilter(ApplicationFilterChain.java:178)
	at org.apache.catalina.core.ApplicationFilterChain.doFilter(ApplicationFilterChain.java:153)
	at org.springframework.web.filter.OncePerRequestFilter.doFilter(OncePerRequestFilter.java:111)
	at org.apache.catalina.core.ApplicationFilterChain.internalDoFilter(ApplicationFilterChain.java:178)
	at org.apache.catalina.core.ApplicationFilterChain.doFilter(ApplicationFilterChain.java:153)
	at org.springframework.security.web.FilterChainProxy$VirtualFilterChain.doFilter(FilterChainProxy.java:337)
	at org.springframework.security.web.access.intercept.FilterSecurityInterceptor.invoke(FilterSecurityInterceptor.java:115)
	at org.springframework.security.web.access.intercept.FilterSecurityInterceptor.doFilter(FilterSecurityInterceptor.java:81)
	at org.springframework.security.web.FilterChainProxy$VirtualFilterChain.doFilter(FilterChainProxy.java:346)
	at org.springframework.security.web.access.ExceptionTranslationFilter.doFilter(ExceptionTranslationFilter.java:122)
	at org.springframework.security.web.access.ExceptionTranslationFilter.doFilter(ExceptionTranslationFilter.java:116)
	at org.springframework.security.web.FilterChainProxy$VirtualFilterChain.doFilter(FilterChainProxy.java:346)
	at org.springframework.security.web.session.SessionManagementFilter.doFilter(SessionManagementFilter.java:126)
	at org.springframework.security.web.session.SessionManagementFilter.doFilter(SessionManagementFilter.java:81)
	at org.springframework.security.web.FilterChainProxy$VirtualFilterChain.doFilter(FilterChainProxy.java:346)
	at org.springframework.security.web.authentication.AnonymousAuthenticationFilter.doFilter(AnonymousAuthenticationFilter.java:109)
	at org.springframework.security.web.FilterChainProxy$VirtualFilterChain.doFilter(FilterChainProxy.java:346)
	at org.springframework.security.web.servletapi.SecurityContextHolderAwareRequestFilter.doFilter(SecurityContextHolderAwareRequestFilter.java:149)
	at org.springframework.security.web.FilterChainProxy$VirtualFilterChain.doFilter(FilterChainProxy.java:346)
	at org.springframework.security.web.savedrequest.RequestCacheAwareFilter.doFilter(RequestCacheAwareFilter.java:63)
	at org.springframework.security.web.FilterChainProxy$VirtualFilterChain.doFilter(FilterChainProxy.java:346)
	at com.cookerytech.security.jwt.AuthTokenFilter.doFilterInternal(AuthTokenFilter.java:49)
	at org.springframework.web.filter.OncePerRequestFilter.doFilter(OncePerRequestFilter.java:117)
	at org.springframework.security.web.FilterChainProxy$VirtualFilterChain.doFilter(FilterChainProxy.java:346)
	at org.springframework.security.web.authentication.logout.LogoutFilter.doFilter(LogoutFilter.java:103)
	at org.springframework.security.web.authentication.logout.LogoutFilter.doFilter(LogoutFilter.java:89)
	at org.springframework.security.web.FilterChainProxy$VirtualFilterChain.doFilter(FilterChainProxy.java:346)
	at org.springframework.security.web.header.HeaderWriterFilter.doHeadersAfter(HeaderWriterFilter.java:90)
	at org.springframework.security.web.header.HeaderWriterFilter.doFilterInternal(HeaderWriterFilter.java:75)
	at org.springframework.web.filter.OncePerRequestFilter.doFilter(OncePerRequestFilter.java:117)
	at org.springframework.security.web.FilterChainProxy$VirtualFilterChain.doFilter(FilterChainProxy.java:346)
	at org.springframework.security.web.context.SecurityContextPersistenceFilter.doFilter(SecurityContextPersistenceFilter.java:112)
	at org.springframework.security.web.context.SecurityContextPersistenceFilter.doFilter(SecurityContextPersistenceFilter.java:82)
	at org.springframework.security.web.FilterChainProxy$VirtualFilterChain.doFilter(FilterChainProxy.java:346)
	at org.springframework.security.web.context.request.async.WebAsyncManagerIntegrationFilter.doFilterInternal(WebAsyncManagerIntegrationFilter.java:55)
	at org.springframework.web.filter.OncePerRequestFilter.doFilter(OncePerRequestFilter.java:117)
	at org.springframework.security.web.FilterChainProxy$VirtualFilterChain.doFilter(FilterChainProxy.java:346)
	at org.springframework.security.web.session.DisableEncodeUrlFilter.doFilterInternal(DisableEncodeUrlFilter.java:42)
	at org.springframework.web.filter.OncePerRequestFilter.doFilter(OncePerRequestFilter.java:117)
	at org.springframework.security.web.FilterChainProxy$VirtualFilterChain.doFilter(FilterChainProxy.java:346)
	at org.springframework.security.web.FilterChainProxy.doFilterInternal(FilterChainProxy.java:221)
	at org.springframework.security.web.FilterChainProxy.doFilter(FilterChainProxy.java:186)
	at org.springframework.web.filter.DelegatingFilterProxy.invokeDelegate(DelegatingFilterProxy.java:354)
	at org.springframework.web.filter.DelegatingFilterProxy.doFilter(DelegatingFilterProxy.java:267)
	at org.apache.catalina.core.ApplicationFilterChain.internalDoFilter(ApplicationFilterChain.java:178)
	at org.apache.catalina.core.ApplicationFilterChain.doFilter(ApplicationFilterChain.java:153)
	at org.springframework.web.filter.RequestContextFilter.doFilterInternal(RequestContextFilter.java:100)
	at org.springframework.web.filter.OncePerRequestFilter.doFilter(OncePerRequestFilter.java:117)
	at org.apache.catalina.core.ApplicationFilterChain.internalDoFilter(ApplicationFilterChain.java:178)
	at org.apache.catalina.core.ApplicationFilterChain.doFilter(ApplicationFilterChain.java:153)
	at org.springframework.web.filter.FormContentFilter.doFilterInternal(FormContentFilter.java:93)
	at org.springframework.web.filter.OncePerRequestFilter.doFilter(OncePerRequestFilter.java:117)
	at org.apache.catalina.core.ApplicationFilterChain.internalDoFilter(ApplicationFilterChain.java:178)
	at org.apache.catalina.core.ApplicationFilterChain.doFilter(ApplicationFilterChain.java:153)
	at org.springframework.boot.actuate.metrics.web.servlet.WebMvcMetricsFilter.doFilterInternal(WebMvcMetricsFilter.java:96)
	at org.springframework.web.filter.OncePerRequestFilter.doFilter(OncePerRequestFilter.java:117)
	at org.apache.catalina.core.ApplicationFilterChain.internalDoFilter(ApplicationFilterChain.java:178)
	at org.apache.catalina.core.ApplicationFilterChain.doFilter(ApplicationFilterChain.java:153)
	at org.springframework.web.filter.CharacterEncodingFilter.doFilterInternal(CharacterEncodingFilter.java:201)
	at org.springframework.web.filter.OncePerRequestFilter.doFilter(OncePerRequestFilter.java:117)
	at org.apache.catalina.core.ApplicationFilterChain.internalDoFilter(ApplicationFilterChain.java:178)
	at org.apache.catalina.core.ApplicationFilterChain.doFilter(ApplicationFilterChain.java:153)
	at org.apache.catalina.core.StandardWrapperValve.invoke(StandardWrapperValve.java:167)
	at org.apache.catalina.core.StandardContextValve.invoke(StandardContextValve.java:90)
	at org.apache.catalina.authenticator.AuthenticatorBase.invoke(AuthenticatorBase.java:481)
	at org.apache.catalina.core.StandardHostValve.invoke(StandardHostValve.java:130)
	at org.apache.catalina.valves.ErrorReportValve.invoke(ErrorReportValve.java:93)
	at org.apache.catalina.core.StandardEngineValve.invoke(StandardEngineValve.java:74)
	at org.apache.catalina.connector.CoyoteAdapter.service(CoyoteAdapter.java:343)
	at org.apache.coyote.http11.Http11Processor.service(Http11Processor.java:390)
	at org.apache.coyote.AbstractProcessorLight.process(AbstractProcessorLight.java:63)
	at org.apache.coyote.AbstractProtocol$ConnectionHandler.process(AbstractProtocol.java:926)
	at org.apache.tomcat.util.net.NioEndpoint$SocketProcessor.doRun(NioEndpoint.java:1791)
	at org.apache.tomcat.util.net.SocketProcessorBase.run(SocketProcessorBase.java:52)
	at org.apache.tomcat.util.threads.ThreadPoolExecutor.runWorker(ThreadPoolExecutor.java:1191)
	at org.apache.tomcat.util.threads.ThreadPoolExecutor$Worker.run(ThreadPoolExecutor.java:659)
	at org.apache.tomcat.util.threads.TaskThread$WrappingRunnable.run(TaskThread.java:61)
	at java.base/java.lang.Thread.run(Thread.java:834)
2023-09-05 22:12:08,358 ERROR [http-nio-8080-exec-5] org.apache.catalina.core.ContainerBase.[Tomcat].[localhost].[/].[dispatcherServlet]:Servlet.service() for servlet [dispatcherServlet] in context with path [] threw exception [Request processing failed; nested exception is javax.validation.UnexpectedTypeException: HV000030: No validator could be found for constraint 'javax.validation.constraints.NotBlank' validating type 'java.time.LocalDate'. Check configuration for 'birthDate'] with root cause
javax.validation.UnexpectedTypeException: HV000030: No validator could be found for constraint 'javax.validation.constraints.NotBlank' validating type 'java.time.LocalDate'. Check configuration for 'birthDate'
	at org.hibernate.validator.internal.engine.constraintvalidation.ConstraintTree.getExceptionForNullValidator(ConstraintTree.java:116)
	at org.hibernate.validator.internal.engine.constraintvalidation.ConstraintTree.getInitializedConstraintValidator(ConstraintTree.java:162)
	at org.hibernate.validator.internal.engine.constraintvalidation.SimpleConstraintTree.validateConstraints(SimpleConstraintTree.java:54)
	at org.hibernate.validator.internal.engine.constraintvalidation.ConstraintTree.validateConstraints(ConstraintTree.java:75)
	at org.hibernate.validator.internal.metadata.core.MetaConstraint.doValidateConstraint(MetaConstraint.java:130)
	at org.hibernate.validator.internal.metadata.core.MetaConstraint.validateConstraint(MetaConstraint.java:123)
	at org.hibernate.validator.internal.engine.ValidatorImpl.validateMetaConstraint(ValidatorImpl.java:555)
	at org.hibernate.validator.internal.engine.ValidatorImpl.validateConstraintsForSingleDefaultGroupElement(ValidatorImpl.java:518)
	at org.hibernate.validator.internal.engine.ValidatorImpl.validateConstraintsForDefaultGroup(ValidatorImpl.java:488)
	at org.hibernate.validator.internal.engine.ValidatorImpl.validateConstraintsForCurrentGroup(ValidatorImpl.java:450)
	at org.hibernate.validator.internal.engine.ValidatorImpl.validateInContext(ValidatorImpl.java:400)
	at org.hibernate.validator.internal.engine.ValidatorImpl.validate(ValidatorImpl.java:172)
	at org.springframework.validation.beanvalidation.SpringValidatorAdapter.validate(SpringValidatorAdapter.java:109)
	at org.springframework.boot.autoconfigure.validation.ValidatorAdapter.validate(ValidatorAdapter.java:66)
	at org.springframework.validation.DataBinder.validate(DataBinder.java:933)
	at org.springframework.web.servlet.mvc.method.annotation.AbstractMessageConverterMethodArgumentResolver.validateIfApplicable(AbstractMessageConverterMethodArgumentResolver.java:250)
	at org.springframework.web.servlet.mvc.method.annotation.RequestResponseBodyMethodProcessor.resolveArgument(RequestResponseBodyMethodProcessor.java:139)
	at org.springframework.web.method.support.HandlerMethodArgumentResolverComposite.resolveArgument(HandlerMethodArgumentResolverComposite.java:122)
	at org.springframework.web.method.support.InvocableHandlerMethod.getMethodArgumentValues(InvocableHandlerMethod.java:179)
	at org.springframework.web.method.support.InvocableHandlerMethod.invokeForRequest(InvocableHandlerMethod.java:146)
	at org.springframework.web.servlet.mvc.method.annotation.ServletInvocableHandlerMethod.invokeAndHandle(ServletInvocableHandlerMethod.java:117)
	at org.springframework.web.servlet.mvc.method.annotation.RequestMappingHandlerAdapter.invokeHandlerMethod(RequestMappingHandlerAdapter.java:895)
	at org.springframework.web.servlet.mvc.method.annotation.RequestMappingHandlerAdapter.handleInternal(RequestMappingHandlerAdapter.java:808)
	at org.springframework.web.servlet.mvc.method.AbstractHandlerMethodAdapter.handle(AbstractHandlerMethodAdapter.java:87)
	at org.springframework.web.servlet.DispatcherServlet.doDispatch(DispatcherServlet.java:1072)
	at org.springframework.web.servlet.DispatcherServlet.doService(DispatcherServlet.java:965)
	at org.springframework.web.servlet.FrameworkServlet.processRequest(FrameworkServlet.java:1006)
	at org.springframework.web.servlet.FrameworkServlet.doPut(FrameworkServlet.java:920)
	at javax.servlet.http.HttpServlet.service(HttpServlet.java:558)
	at org.springframework.web.servlet.FrameworkServlet.service(FrameworkServlet.java:883)
	at javax.servlet.http.HttpServlet.service(HttpServlet.java:623)
	at org.apache.catalina.core.ApplicationFilterChain.internalDoFilter(ApplicationFilterChain.java:209)
	at org.apache.catalina.core.ApplicationFilterChain.doFilter(ApplicationFilterChain.java:153)
	at org.apache.tomcat.websocket.server.WsFilter.doFilter(WsFilter.java:51)
	at org.apache.catalina.core.ApplicationFilterChain.internalDoFilter(ApplicationFilterChain.java:178)
	at org.apache.catalina.core.ApplicationFilterChain.doFilter(ApplicationFilterChain.java:153)
	at org.springframework.web.filter.OncePerRequestFilter.doFilter(OncePerRequestFilter.java:111)
	at org.apache.catalina.core.ApplicationFilterChain.internalDoFilter(ApplicationFilterChain.java:178)
	at org.apache.catalina.core.ApplicationFilterChain.doFilter(ApplicationFilterChain.java:153)
	at org.springframework.security.web.FilterChainProxy$VirtualFilterChain.doFilter(FilterChainProxy.java:337)
	at org.springframework.security.web.access.intercept.FilterSecurityInterceptor.invoke(FilterSecurityInterceptor.java:115)
	at org.springframework.security.web.access.intercept.FilterSecurityInterceptor.doFilter(FilterSecurityInterceptor.java:81)
	at org.springframework.security.web.FilterChainProxy$VirtualFilterChain.doFilter(FilterChainProxy.java:346)
	at org.springframework.security.web.access.ExceptionTranslationFilter.doFilter(ExceptionTranslationFilter.java:122)
	at org.springframework.security.web.access.ExceptionTranslationFilter.doFilter(ExceptionTranslationFilter.java:116)
	at org.springframework.security.web.FilterChainProxy$VirtualFilterChain.doFilter(FilterChainProxy.java:346)
	at org.springframework.security.web.session.SessionManagementFilter.doFilter(SessionManagementFilter.java:126)
	at org.springframework.security.web.session.SessionManagementFilter.doFilter(SessionManagementFilter.java:81)
	at org.springframework.security.web.FilterChainProxy$VirtualFilterChain.doFilter(FilterChainProxy.java:346)
	at org.springframework.security.web.authentication.AnonymousAuthenticationFilter.doFilter(AnonymousAuthenticationFilter.java:109)
	at org.springframework.security.web.FilterChainProxy$VirtualFilterChain.doFilter(FilterChainProxy.java:346)
	at org.springframework.security.web.servletapi.SecurityContextHolderAwareRequestFilter.doFilter(SecurityContextHolderAwareRequestFilter.java:149)
	at org.springframework.security.web.FilterChainProxy$VirtualFilterChain.doFilter(FilterChainProxy.java:346)
	at org.springframework.security.web.savedrequest.RequestCacheAwareFilter.doFilter(RequestCacheAwareFilter.java:63)
	at org.springframework.security.web.FilterChainProxy$VirtualFilterChain.doFilter(FilterChainProxy.java:346)
	at com.cookerytech.security.jwt.AuthTokenFilter.doFilterInternal(AuthTokenFilter.java:49)
	at org.springframework.web.filter.OncePerRequestFilter.doFilter(OncePerRequestFilter.java:117)
	at org.springframework.security.web.FilterChainProxy$VirtualFilterChain.doFilter(FilterChainProxy.java:346)
	at org.springframework.security.web.authentication.logout.LogoutFilter.doFilter(LogoutFilter.java:103)
	at org.springframework.security.web.authentication.logout.LogoutFilter.doFilter(LogoutFilter.java:89)
	at org.springframework.security.web.FilterChainProxy$VirtualFilterChain.doFilter(FilterChainProxy.java:346)
	at org.springframework.security.web.header.HeaderWriterFilter.doHeadersAfter(HeaderWriterFilter.java:90)
	at org.springframework.security.web.header.HeaderWriterFilter.doFilterInternal(HeaderWriterFilter.java:75)
	at org.springframework.web.filter.OncePerRequestFilter.doFilter(OncePerRequestFilter.java:117)
	at org.springframework.security.web.FilterChainProxy$VirtualFilterChain.doFilter(FilterChainProxy.java:346)
	at org.springframework.security.web.context.SecurityContextPersistenceFilter.doFilter(SecurityContextPersistenceFilter.java:112)
	at org.springframework.security.web.context.SecurityContextPersistenceFilter.doFilter(SecurityContextPersistenceFilter.java:82)
	at org.springframework.security.web.FilterChainProxy$VirtualFilterChain.doFilter(FilterChainProxy.java:346)
	at org.springframework.security.web.context.request.async.WebAsyncManagerIntegrationFilter.doFilterInternal(WebAsyncManagerIntegrationFilter.java:55)
	at org.springframework.web.filter.OncePerRequestFilter.doFilter(OncePerRequestFilter.java:117)
	at org.springframework.security.web.FilterChainProxy$VirtualFilterChain.doFilter(FilterChainProxy.java:346)
	at org.springframework.security.web.session.DisableEncodeUrlFilter.doFilterInternal(DisableEncodeUrlFilter.java:42)
	at org.springframework.web.filter.OncePerRequestFilter.doFilter(OncePerRequestFilter.java:117)
	at org.springframework.security.web.FilterChainProxy$VirtualFilterChain.doFilter(FilterChainProxy.java:346)
	at org.springframework.security.web.FilterChainProxy.doFilterInternal(FilterChainProxy.java:221)
	at org.springframework.security.web.FilterChainProxy.doFilter(FilterChainProxy.java:186)
	at org.springframework.web.filter.DelegatingFilterProxy.invokeDelegate(DelegatingFilterProxy.java:354)
	at org.springframework.web.filter.DelegatingFilterProxy.doFilter(DelegatingFilterProxy.java:267)
	at org.apache.catalina.core.ApplicationFilterChain.internalDoFilter(ApplicationFilterChain.java:178)
	at org.apache.catalina.core.ApplicationFilterChain.doFilter(ApplicationFilterChain.java:153)
	at org.springframework.web.filter.RequestContextFilter.doFilterInternal(RequestContextFilter.java:100)
	at org.springframework.web.filter.OncePerRequestFilter.doFilter(OncePerRequestFilter.java:117)
	at org.apache.catalina.core.ApplicationFilterChain.internalDoFilter(ApplicationFilterChain.java:178)
	at org.apache.catalina.core.ApplicationFilterChain.doFilter(ApplicationFilterChain.java:153)
	at org.springframework.web.filter.FormContentFilter.doFilterInternal(FormContentFilter.java:93)
	at org.springframework.web.filter.OncePerRequestFilter.doFilter(OncePerRequestFilter.java:117)
	at org.apache.catalina.core.ApplicationFilterChain.internalDoFilter(ApplicationFilterChain.java:178)
	at org.apache.catalina.core.ApplicationFilterChain.doFilter(ApplicationFilterChain.java:153)
	at org.springframework.boot.actuate.metrics.web.servlet.WebMvcMetricsFilter.doFilterInternal(WebMvcMetricsFilter.java:96)
	at org.springframework.web.filter.OncePerRequestFilter.doFilter(OncePerRequestFilter.java:117)
	at org.apache.catalina.core.ApplicationFilterChain.internalDoFilter(ApplicationFilterChain.java:178)
	at org.apache.catalina.core.ApplicationFilterChain.doFilter(ApplicationFilterChain.java:153)
	at org.springframework.web.filter.CharacterEncodingFilter.doFilterInternal(CharacterEncodingFilter.java:201)
	at org.springframework.web.filter.OncePerRequestFilter.doFilter(OncePerRequestFilter.java:117)
	at org.apache.catalina.core.ApplicationFilterChain.internalDoFilter(ApplicationFilterChain.java:178)
	at org.apache.catalina.core.ApplicationFilterChain.doFilter(ApplicationFilterChain.java:153)
	at org.apache.catalina.core.StandardWrapperValve.invoke(StandardWrapperValve.java:167)
	at org.apache.catalina.core.StandardContextValve.invoke(StandardContextValve.java:90)
	at org.apache.catalina.authenticator.AuthenticatorBase.invoke(AuthenticatorBase.java:481)
	at org.apache.catalina.core.StandardHostValve.invoke(StandardHostValve.java:130)
	at org.apache.catalina.valves.ErrorReportValve.invoke(ErrorReportValve.java:93)
	at org.apache.catalina.core.StandardEngineValve.invoke(StandardEngineValve.java:74)
	at org.apache.catalina.connector.CoyoteAdapter.service(CoyoteAdapter.java:343)
	at org.apache.coyote.http11.Http11Processor.service(Http11Processor.java:390)
	at org.apache.coyote.AbstractProcessorLight.process(AbstractProcessorLight.java:63)
	at org.apache.coyote.AbstractProtocol$ConnectionHandler.process(AbstractProtocol.java:926)
	at org.apache.tomcat.util.net.NioEndpoint$SocketProcessor.doRun(NioEndpoint.java:1791)
	at org.apache.tomcat.util.net.SocketProcessorBase.run(SocketProcessorBase.java:52)
	at org.apache.tomcat.util.threads.ThreadPoolExecutor.runWorker(ThreadPoolExecutor.java:1191)
	at org.apache.tomcat.util.threads.ThreadPoolExecutor$Worker.run(ThreadPoolExecutor.java:659)
	at org.apache.tomcat.util.threads.TaskThread$WrappingRunnable.run(TaskThread.java:61)
	at java.base/java.lang.Thread.run(Thread.java:834)
2023-09-05 22:12:09,338 ERROR [http-nio-8080-exec-8] org.apache.catalina.core.ContainerBase.[Tomcat].[localhost].[/].[dispatcherServlet]:Servlet.service() for servlet [dispatcherServlet] in context with path [] threw exception [Request processing failed; nested exception is javax.validation.UnexpectedTypeException: HV000030: No validator could be found for constraint 'javax.validation.constraints.NotBlank' validating type 'java.time.LocalDate'. Check configuration for 'birthDate'] with root cause
javax.validation.UnexpectedTypeException: HV000030: No validator could be found for constraint 'javax.validation.constraints.NotBlank' validating type 'java.time.LocalDate'. Check configuration for 'birthDate'
	at org.hibernate.validator.internal.engine.constraintvalidation.ConstraintTree.getExceptionForNullValidator(ConstraintTree.java:116)
	at org.hibernate.validator.internal.engine.constraintvalidation.ConstraintTree.getInitializedConstraintValidator(ConstraintTree.java:162)
	at org.hibernate.validator.internal.engine.constraintvalidation.SimpleConstraintTree.validateConstraints(SimpleConstraintTree.java:54)
	at org.hibernate.validator.internal.engine.constraintvalidation.ConstraintTree.validateConstraints(ConstraintTree.java:75)
	at org.hibernate.validator.internal.metadata.core.MetaConstraint.doValidateConstraint(MetaConstraint.java:130)
	at org.hibernate.validator.internal.metadata.core.MetaConstraint.validateConstraint(MetaConstraint.java:123)
	at org.hibernate.validator.internal.engine.ValidatorImpl.validateMetaConstraint(ValidatorImpl.java:555)
	at org.hibernate.validator.internal.engine.ValidatorImpl.validateConstraintsForSingleDefaultGroupElement(ValidatorImpl.java:518)
	at org.hibernate.validator.internal.engine.ValidatorImpl.validateConstraintsForDefaultGroup(ValidatorImpl.java:488)
	at org.hibernate.validator.internal.engine.ValidatorImpl.validateConstraintsForCurrentGroup(ValidatorImpl.java:450)
	at org.hibernate.validator.internal.engine.ValidatorImpl.validateInContext(ValidatorImpl.java:400)
	at org.hibernate.validator.internal.engine.ValidatorImpl.validate(ValidatorImpl.java:172)
	at org.springframework.validation.beanvalidation.SpringValidatorAdapter.validate(SpringValidatorAdapter.java:109)
	at org.springframework.boot.autoconfigure.validation.ValidatorAdapter.validate(ValidatorAdapter.java:66)
	at org.springframework.validation.DataBinder.validate(DataBinder.java:933)
	at org.springframework.web.servlet.mvc.method.annotation.AbstractMessageConverterMethodArgumentResolver.validateIfApplicable(AbstractMessageConverterMethodArgumentResolver.java:250)
	at org.springframework.web.servlet.mvc.method.annotation.RequestResponseBodyMethodProcessor.resolveArgument(RequestResponseBodyMethodProcessor.java:139)
	at org.springframework.web.method.support.HandlerMethodArgumentResolverComposite.resolveArgument(HandlerMethodArgumentResolverComposite.java:122)
	at org.springframework.web.method.support.InvocableHandlerMethod.getMethodArgumentValues(InvocableHandlerMethod.java:179)
	at org.springframework.web.method.support.InvocableHandlerMethod.invokeForRequest(InvocableHandlerMethod.java:146)
	at org.springframework.web.servlet.mvc.method.annotation.ServletInvocableHandlerMethod.invokeAndHandle(ServletInvocableHandlerMethod.java:117)
	at org.springframework.web.servlet.mvc.method.annotation.RequestMappingHandlerAdapter.invokeHandlerMethod(RequestMappingHandlerAdapter.java:895)
	at org.springframework.web.servlet.mvc.method.annotation.RequestMappingHandlerAdapter.handleInternal(RequestMappingHandlerAdapter.java:808)
	at org.springframework.web.servlet.mvc.method.AbstractHandlerMethodAdapter.handle(AbstractHandlerMethodAdapter.java:87)
	at org.springframework.web.servlet.DispatcherServlet.doDispatch(DispatcherServlet.java:1072)
	at org.springframework.web.servlet.DispatcherServlet.doService(DispatcherServlet.java:965)
	at org.springframework.web.servlet.FrameworkServlet.processRequest(FrameworkServlet.java:1006)
	at org.springframework.web.servlet.FrameworkServlet.doPut(FrameworkServlet.java:920)
	at javax.servlet.http.HttpServlet.service(HttpServlet.java:558)
	at org.springframework.web.servlet.FrameworkServlet.service(FrameworkServlet.java:883)
	at javax.servlet.http.HttpServlet.service(HttpServlet.java:623)
	at org.apache.catalina.core.ApplicationFilterChain.internalDoFilter(ApplicationFilterChain.java:209)
	at org.apache.catalina.core.ApplicationFilterChain.doFilter(ApplicationFilterChain.java:153)
	at org.apache.tomcat.websocket.server.WsFilter.doFilter(WsFilter.java:51)
	at org.apache.catalina.core.ApplicationFilterChain.internalDoFilter(ApplicationFilterChain.java:178)
	at org.apache.catalina.core.ApplicationFilterChain.doFilter(ApplicationFilterChain.java:153)
	at org.springframework.web.filter.OncePerRequestFilter.doFilter(OncePerRequestFilter.java:111)
	at org.apache.catalina.core.ApplicationFilterChain.internalDoFilter(ApplicationFilterChain.java:178)
	at org.apache.catalina.core.ApplicationFilterChain.doFilter(ApplicationFilterChain.java:153)
	at org.springframework.security.web.FilterChainProxy$VirtualFilterChain.doFilter(FilterChainProxy.java:337)
	at org.springframework.security.web.access.intercept.FilterSecurityInterceptor.invoke(FilterSecurityInterceptor.java:115)
	at org.springframework.security.web.access.intercept.FilterSecurityInterceptor.doFilter(FilterSecurityInterceptor.java:81)
	at org.springframework.security.web.FilterChainProxy$VirtualFilterChain.doFilter(FilterChainProxy.java:346)
	at org.springframework.security.web.access.ExceptionTranslationFilter.doFilter(ExceptionTranslationFilter.java:122)
	at org.springframework.security.web.access.ExceptionTranslationFilter.doFilter(ExceptionTranslationFilter.java:116)
	at org.springframework.security.web.FilterChainProxy$VirtualFilterChain.doFilter(FilterChainProxy.java:346)
	at org.springframework.security.web.session.SessionManagementFilter.doFilter(SessionManagementFilter.java:126)
	at org.springframework.security.web.session.SessionManagementFilter.doFilter(SessionManagementFilter.java:81)
	at org.springframework.security.web.FilterChainProxy$VirtualFilterChain.doFilter(FilterChainProxy.java:346)
	at org.springframework.security.web.authentication.AnonymousAuthenticationFilter.doFilter(AnonymousAuthenticationFilter.java:109)
	at org.springframework.security.web.FilterChainProxy$VirtualFilterChain.doFilter(FilterChainProxy.java:346)
	at org.springframework.security.web.servletapi.SecurityContextHolderAwareRequestFilter.doFilter(SecurityContextHolderAwareRequestFilter.java:149)
	at org.springframework.security.web.FilterChainProxy$VirtualFilterChain.doFilter(FilterChainProxy.java:346)
	at org.springframework.security.web.savedrequest.RequestCacheAwareFilter.doFilter(RequestCacheAwareFilter.java:63)
	at org.springframework.security.web.FilterChainProxy$VirtualFilterChain.doFilter(FilterChainProxy.java:346)
	at com.cookerytech.security.jwt.AuthTokenFilter.doFilterInternal(AuthTokenFilter.java:49)
	at org.springframework.web.filter.OncePerRequestFilter.doFilter(OncePerRequestFilter.java:117)
	at org.springframework.security.web.FilterChainProxy$VirtualFilterChain.doFilter(FilterChainProxy.java:346)
	at org.springframework.security.web.authentication.logout.LogoutFilter.doFilter(LogoutFilter.java:103)
	at org.springframework.security.web.authentication.logout.LogoutFilter.doFilter(LogoutFilter.java:89)
	at org.springframework.security.web.FilterChainProxy$VirtualFilterChain.doFilter(FilterChainProxy.java:346)
	at org.springframework.security.web.header.HeaderWriterFilter.doHeadersAfter(HeaderWriterFilter.java:90)
	at org.springframework.security.web.header.HeaderWriterFilter.doFilterInternal(HeaderWriterFilter.java:75)
	at org.springframework.web.filter.OncePerRequestFilter.doFilter(OncePerRequestFilter.java:117)
	at org.springframework.security.web.FilterChainProxy$VirtualFilterChain.doFilter(FilterChainProxy.java:346)
	at org.springframework.security.web.context.SecurityContextPersistenceFilter.doFilter(SecurityContextPersistenceFilter.java:112)
	at org.springframework.security.web.context.SecurityContextPersistenceFilter.doFilter(SecurityContextPersistenceFilter.java:82)
	at org.springframework.security.web.FilterChainProxy$VirtualFilterChain.doFilter(FilterChainProxy.java:346)
	at org.springframework.security.web.context.request.async.WebAsyncManagerIntegrationFilter.doFilterInternal(WebAsyncManagerIntegrationFilter.java:55)
	at org.springframework.web.filter.OncePerRequestFilter.doFilter(OncePerRequestFilter.java:117)
	at org.springframework.security.web.FilterChainProxy$VirtualFilterChain.doFilter(FilterChainProxy.java:346)
	at org.springframework.security.web.session.DisableEncodeUrlFilter.doFilterInternal(DisableEncodeUrlFilter.java:42)
	at org.springframework.web.filter.OncePerRequestFilter.doFilter(OncePerRequestFilter.java:117)
	at org.springframework.security.web.FilterChainProxy$VirtualFilterChain.doFilter(FilterChainProxy.java:346)
	at org.springframework.security.web.FilterChainProxy.doFilterInternal(FilterChainProxy.java:221)
	at org.springframework.security.web.FilterChainProxy.doFilter(FilterChainProxy.java:186)
	at org.springframework.web.filter.DelegatingFilterProxy.invokeDelegate(DelegatingFilterProxy.java:354)
	at org.springframework.web.filter.DelegatingFilterProxy.doFilter(DelegatingFilterProxy.java:267)
	at org.apache.catalina.core.ApplicationFilterChain.internalDoFilter(ApplicationFilterChain.java:178)
	at org.apache.catalina.core.ApplicationFilterChain.doFilter(ApplicationFilterChain.java:153)
	at org.springframework.web.filter.RequestContextFilter.doFilterInternal(RequestContextFilter.java:100)
	at org.springframework.web.filter.OncePerRequestFilter.doFilter(OncePerRequestFilter.java:117)
	at org.apache.catalina.core.ApplicationFilterChain.internalDoFilter(ApplicationFilterChain.java:178)
	at org.apache.catalina.core.ApplicationFilterChain.doFilter(ApplicationFilterChain.java:153)
	at org.springframework.web.filter.FormContentFilter.doFilterInternal(FormContentFilter.java:93)
	at org.springframework.web.filter.OncePerRequestFilter.doFilter(OncePerRequestFilter.java:117)
	at org.apache.catalina.core.ApplicationFilterChain.internalDoFilter(ApplicationFilterChain.java:178)
	at org.apache.catalina.core.ApplicationFilterChain.doFilter(ApplicationFilterChain.java:153)
	at org.springframework.boot.actuate.metrics.web.servlet.WebMvcMetricsFilter.doFilterInternal(WebMvcMetricsFilter.java:96)
	at org.springframework.web.filter.OncePerRequestFilter.doFilter(OncePerRequestFilter.java:117)
	at org.apache.catalina.core.ApplicationFilterChain.internalDoFilter(ApplicationFilterChain.java:178)
	at org.apache.catalina.core.ApplicationFilterChain.doFilter(ApplicationFilterChain.java:153)
	at org.springframework.web.filter.CharacterEncodingFilter.doFilterInternal(CharacterEncodingFilter.java:201)
	at org.springframework.web.filter.OncePerRequestFilter.doFilter(OncePerRequestFilter.java:117)
	at org.apache.catalina.core.ApplicationFilterChain.internalDoFilter(ApplicationFilterChain.java:178)
	at org.apache.catalina.core.ApplicationFilterChain.doFilter(ApplicationFilterChain.java:153)
	at org.apache.catalina.core.StandardWrapperValve.invoke(StandardWrapperValve.java:167)
	at org.apache.catalina.core.StandardContextValve.invoke(StandardContextValve.java:90)
	at org.apache.catalina.authenticator.AuthenticatorBase.invoke(AuthenticatorBase.java:481)
	at org.apache.catalina.core.StandardHostValve.invoke(StandardHostValve.java:130)
	at org.apache.catalina.valves.ErrorReportValve.invoke(ErrorReportValve.java:93)
	at org.apache.catalina.core.StandardEngineValve.invoke(StandardEngineValve.java:74)
	at org.apache.catalina.connector.CoyoteAdapter.service(CoyoteAdapter.java:343)
	at org.apache.coyote.http11.Http11Processor.service(Http11Processor.java:390)
	at org.apache.coyote.AbstractProcessorLight.process(AbstractProcessorLight.java:63)
	at org.apache.coyote.AbstractProtocol$ConnectionHandler.process(AbstractProtocol.java:926)
	at org.apache.tomcat.util.net.NioEndpoint$SocketProcessor.doRun(NioEndpoint.java:1791)
	at org.apache.tomcat.util.net.SocketProcessorBase.run(SocketProcessorBase.java:52)
	at org.apache.tomcat.util.threads.ThreadPoolExecutor.runWorker(ThreadPoolExecutor.java:1191)
	at org.apache.tomcat.util.threads.ThreadPoolExecutor$Worker.run(ThreadPoolExecutor.java:659)
	at org.apache.tomcat.util.threads.TaskThread$WrappingRunnable.run(TaskThread.java:61)
	at java.base/java.lang.Thread.run(Thread.java:834)
2023-09-05 22:13:06,953 INFO  [SpringApplicationShutdownHook] org.springframework.orm.jpa.LocalContainerEntityManagerFactoryBean:Closing JPA EntityManagerFactory for persistence unit 'default'
2023-09-05 22:13:06,961 INFO  [SpringApplicationShutdownHook] com.zaxxer.hikari.HikariDataSource:HikariPool-1 - Shutdown initiated...
2023-09-05 22:13:06,968 INFO  [SpringApplicationShutdownHook] com.zaxxer.hikari.HikariDataSource:HikariPool-1 - Shutdown completed.
2023-09-05 22:13:30,274 INFO  [restartedMain] com.cookerytech.CookerytechApplication:Starting CookerytechApplication using Java 11.0.9 on Atlgan-MacBook-Air.local with PID 5580 (/Users/atilgansahinulasan/IdeaProjects/cookerytech01/target/classes started by atilgansahinulasan in /Users/atilgansahinulasan/IdeaProjects/cookerytech01)
2023-09-05 22:13:30,281 INFO  [restartedMain] com.cookerytech.CookerytechApplication:No active profile set, falling back to 1 default profile: "default"
2023-09-05 22:13:30,407 INFO  [restartedMain] org.springframework.boot.devtools.env.DevToolsPropertyDefaultsPostProcessor:Devtools property defaults active! Set 'spring.devtools.add-properties' to 'false' to disable
2023-09-05 22:13:30,408 INFO  [restartedMain] org.springframework.boot.devtools.env.DevToolsPropertyDefaultsPostProcessor:For additional web related logging consider setting the 'logging.level.web' property to 'DEBUG'
2023-09-05 22:13:32,282 INFO  [restartedMain] org.springframework.data.repository.config.RepositoryConfigurationDelegate:Bootstrapping Spring Data JPA repositories in DEFAULT mode.
2023-09-05 22:13:32,440 INFO  [restartedMain] org.springframework.data.repository.config.RepositoryConfigurationDelegate:Finished Spring Data repository scanning in 150 ms. Found 15 JPA repository interfaces.
2023-09-05 22:13:33,378 INFO  [restartedMain] org.springframework.boot.web.embedded.tomcat.TomcatWebServer:Tomcat initialized with port(s): 8080 (http)
2023-09-05 22:13:33,387 INFO  [restartedMain] org.apache.catalina.core.StandardService:Starting service [Tomcat]
2023-09-05 22:13:33,387 INFO  [restartedMain] org.apache.catalina.core.StandardEngine:Starting Servlet engine: [Apache Tomcat/9.0.78]
2023-09-05 22:13:33,549 INFO  [restartedMain] org.apache.catalina.core.ContainerBase.[Tomcat].[localhost].[/]:Initializing Spring embedded WebApplicationContext
2023-09-05 22:13:33,550 INFO  [restartedMain] org.springframework.boot.web.servlet.context.ServletWebServerApplicationContext:Root WebApplicationContext: initialization completed in 3142 ms
2023-09-05 22:13:34,062 INFO  [restartedMain] org.hibernate.jpa.internal.util.LogHelper:HHH000204: Processing PersistenceUnitInfo [name: default]
2023-09-05 22:13:34,092 INFO  [restartedMain] org.hibernate.Version:HHH000412: Hibernate ORM core version 5.6.15.Final
2023-09-05 22:13:34,294 INFO  [restartedMain] org.hibernate.annotations.common.Version:HCANN000001: Hibernate Commons Annotations {5.1.2.Final}
2023-09-05 22:13:34,372 INFO  [restartedMain] com.zaxxer.hikari.HikariDataSource:HikariPool-1 - Starting...
2023-09-05 22:13:34,526 INFO  [restartedMain] com.zaxxer.hikari.HikariDataSource:HikariPool-1 - Start completed.
2023-09-05 22:13:34,539 INFO  [restartedMain] org.hibernate.dialect.Dialect:HHH000400: Using dialect: org.hibernate.dialect.PostgreSQLDialect
2023-09-05 22:13:36,216 INFO  [restartedMain] org.hibernate.engine.transaction.jta.platform.internal.JtaPlatformInitiator:HHH000490: Using JtaPlatform implementation: [org.hibernate.engine.transaction.jta.platform.internal.NoJtaPlatform]
2023-09-05 22:13:36,230 INFO  [restartedMain] org.springframework.orm.jpa.LocalContainerEntityManagerFactoryBean:Initialized JPA EntityManagerFactory for persistence unit 'default'
2023-09-05 22:13:37,783 INFO  [restartedMain] org.springframework.security.web.DefaultSecurityFilterChain:Will secure any request with [org.springframework.security.web.session.DisableEncodeUrlFilter@2d0b348a, org.springframework.security.web.context.request.async.WebAsyncManagerIntegrationFilter@6ae6b405, org.springframework.security.web.context.SecurityContextPersistenceFilter@9ba73b3, org.springframework.security.web.header.HeaderWriterFilter@30993801, org.springframework.security.web.authentication.logout.LogoutFilter@328a654e, com.cookerytech.security.jwt.AuthTokenFilter@24149a66, org.springframework.security.web.savedrequest.RequestCacheAwareFilter@4df4af1d, org.springframework.security.web.servletapi.SecurityContextHolderAwareRequestFilter@42dbe930, org.springframework.security.web.authentication.AnonymousAuthenticationFilter@77a222e0, org.springframework.security.web.session.SessionManagementFilter@261e6f5a, org.springframework.security.web.access.ExceptionTranslationFilter@6598f1d, org.springframework.security.web.access.intercept.FilterSecurityInterceptor@76963791]
2023-09-05 22:13:37,921 WARN  [restartedMain] org.springframework.boot.autoconfigure.orm.jpa.JpaBaseConfiguration$JpaWebConfiguration:spring.jpa.open-in-view is enabled by default. Therefore, database queries may be performed during view rendering. Explicitly configure spring.jpa.open-in-view to disable this warning
2023-09-05 22:13:39,536 WARN  [restartedMain] org.springframework.security.config.annotation.web.builders.WebSecurity:You are asking Spring Security to ignore Ant [pattern='/v3/api-docs/**']. This is not recommended -- please use permitAll via HttpSecurity#authorizeHttpRequests instead.
2023-09-05 22:13:39,538 INFO  [restartedMain] org.springframework.security.web.DefaultSecurityFilterChain:Will not secure Ant [pattern='/v3/api-docs/**']
2023-09-05 22:13:39,538 WARN  [restartedMain] org.springframework.security.config.annotation.web.builders.WebSecurity:You are asking Spring Security to ignore Ant [pattern='swagger-ui.html']. This is not recommended -- please use permitAll via HttpSecurity#authorizeHttpRequests instead.
2023-09-05 22:13:39,538 INFO  [restartedMain] org.springframework.security.web.DefaultSecurityFilterChain:Will not secure Ant [pattern='swagger-ui.html']
2023-09-05 22:13:39,538 WARN  [restartedMain] org.springframework.security.config.annotation.web.builders.WebSecurity:You are asking Spring Security to ignore Ant [pattern='/swagger-ui/**']. This is not recommended -- please use permitAll via HttpSecurity#authorizeHttpRequests instead.
2023-09-05 22:13:39,538 INFO  [restartedMain] org.springframework.security.web.DefaultSecurityFilterChain:Will not secure Ant [pattern='/swagger-ui/**']
2023-09-05 22:13:39,538 WARN  [restartedMain] org.springframework.security.config.annotation.web.builders.WebSecurity:You are asking Spring Security to ignore Ant [pattern='/']. This is not recommended -- please use permitAll via HttpSecurity#authorizeHttpRequests instead.
2023-09-05 22:13:39,538 INFO  [restartedMain] org.springframework.security.web.DefaultSecurityFilterChain:Will not secure Ant [pattern='/']
2023-09-05 22:13:39,538 WARN  [restartedMain] org.springframework.security.config.annotation.web.builders.WebSecurity:You are asking Spring Security to ignore Ant [pattern='index.html']. This is not recommended -- please use permitAll via HttpSecurity#authorizeHttpRequests instead.
2023-09-05 22:13:39,538 INFO  [restartedMain] org.springframework.security.web.DefaultSecurityFilterChain:Will not secure Ant [pattern='index.html']
2023-09-05 22:13:39,538 WARN  [restartedMain] org.springframework.security.config.annotation.web.builders.WebSecurity:You are asking Spring Security to ignore Ant [pattern='/images/**']. This is not recommended -- please use permitAll via HttpSecurity#authorizeHttpRequests instead.
2023-09-05 22:13:39,538 INFO  [restartedMain] org.springframework.security.web.DefaultSecurityFilterChain:Will not secure Ant [pattern='/images/**']
2023-09-05 22:13:39,539 WARN  [restartedMain] org.springframework.security.config.annotation.web.builders.WebSecurity:You are asking Spring Security to ignore Ant [pattern='/css/**']. This is not recommended -- please use permitAll via HttpSecurity#authorizeHttpRequests instead.
2023-09-05 22:13:39,539 INFO  [restartedMain] org.springframework.security.web.DefaultSecurityFilterChain:Will not secure Ant [pattern='/css/**']
2023-09-05 22:13:39,539 WARN  [restartedMain] org.springframework.security.config.annotation.web.builders.WebSecurity:You are asking Spring Security to ignore Ant [pattern='/js/**']. This is not recommended -- please use permitAll via HttpSecurity#authorizeHttpRequests instead.
2023-09-05 22:13:39,539 INFO  [restartedMain] org.springframework.security.web.DefaultSecurityFilterChain:Will not secure Ant [pattern='/js/**']
2023-09-05 22:13:39,568 INFO  [restartedMain] org.springframework.boot.devtools.autoconfigure.OptionalLiveReloadServer:LiveReload server is running on port 35729
2023-09-05 22:13:39,576 INFO  [restartedMain] org.springframework.boot.actuate.endpoint.web.EndpointLinksResolver:Exposing 14 endpoint(s) beneath base path '/actuator'
2023-09-05 22:13:39,637 INFO  [restartedMain] org.springframework.boot.web.embedded.tomcat.TomcatWebServer:Tomcat started on port(s): 8080 (http) with context path ''
2023-09-05 22:13:39,670 INFO  [restartedMain] com.cookerytech.CookerytechApplication:Started CookerytechApplication in 10.224 seconds (JVM running for 10.982)
2023-09-05 22:13:44,358 INFO  [http-nio-8080-exec-5] org.apache.catalina.core.ContainerBase.[Tomcat].[localhost].[/]:Initializing Spring DispatcherServlet 'dispatcherServlet'
2023-09-05 22:14:48,244 INFO  [SpringApplicationShutdownHook] org.springframework.orm.jpa.LocalContainerEntityManagerFactoryBean:Closing JPA EntityManagerFactory for persistence unit 'default'
2023-09-05 22:14:48,268 INFO  [SpringApplicationShutdownHook] com.zaxxer.hikari.HikariDataSource:HikariPool-1 - Shutdown initiated...
2023-09-05 22:14:48,283 INFO  [SpringApplicationShutdownHook] com.zaxxer.hikari.HikariDataSource:HikariPool-1 - Shutdown completed.
2023-09-05 22:42:02,566 INFO  [restartedMain] com.cookerytech.CookerytechApplication:Starting CookerytechApplication using Java 11.0.9 on Atlgan-MacBook-Air.local with PID 5981 (/Users/atilgansahinulasan/IdeaProjects/cookerytech01/target/classes started by atilgansahinulasan in /Users/atilgansahinulasan/IdeaProjects/cookerytech01)
2023-09-05 22:42:02,578 INFO  [restartedMain] com.cookerytech.CookerytechApplication:No active profile set, falling back to 1 default profile: "default"
2023-09-05 22:42:02,696 INFO  [restartedMain] org.springframework.boot.devtools.env.DevToolsPropertyDefaultsPostProcessor:Devtools property defaults active! Set 'spring.devtools.add-properties' to 'false' to disable
2023-09-05 22:42:02,697 INFO  [restartedMain] org.springframework.boot.devtools.env.DevToolsPropertyDefaultsPostProcessor:For additional web related logging consider setting the 'logging.level.web' property to 'DEBUG'
2023-09-05 22:42:04,524 INFO  [restartedMain] org.springframework.data.repository.config.RepositoryConfigurationDelegate:Bootstrapping Spring Data JPA repositories in DEFAULT mode.
2023-09-05 22:42:04,688 INFO  [restartedMain] org.springframework.data.repository.config.RepositoryConfigurationDelegate:Finished Spring Data repository scanning in 158 ms. Found 15 JPA repository interfaces.
2023-09-05 22:42:05,659 INFO  [restartedMain] org.springframework.boot.web.embedded.tomcat.TomcatWebServer:Tomcat initialized with port(s): 8080 (http)
2023-09-05 22:42:05,668 INFO  [restartedMain] org.apache.catalina.core.StandardService:Starting service [Tomcat]
2023-09-05 22:42:05,668 INFO  [restartedMain] org.apache.catalina.core.StandardEngine:Starting Servlet engine: [Apache Tomcat/9.0.78]
2023-09-05 22:42:05,813 INFO  [restartedMain] org.apache.catalina.core.ContainerBase.[Tomcat].[localhost].[/]:Initializing Spring embedded WebApplicationContext
2023-09-05 22:42:05,814 INFO  [restartedMain] org.springframework.boot.web.servlet.context.ServletWebServerApplicationContext:Root WebApplicationContext: initialization completed in 3117 ms
2023-09-05 22:42:06,372 INFO  [restartedMain] org.hibernate.jpa.internal.util.LogHelper:HHH000204: Processing PersistenceUnitInfo [name: default]
2023-09-05 22:42:06,441 INFO  [restartedMain] org.hibernate.Version:HHH000412: Hibernate ORM core version 5.6.15.Final
2023-09-05 22:42:06,558 INFO  [restartedMain] org.hibernate.annotations.common.Version:HCANN000001: Hibernate Commons Annotations {5.1.2.Final}
2023-09-05 22:42:06,645 INFO  [restartedMain] com.zaxxer.hikari.HikariDataSource:HikariPool-1 - Starting...
2023-09-05 22:42:06,797 INFO  [restartedMain] com.zaxxer.hikari.HikariDataSource:HikariPool-1 - Start completed.
2023-09-05 22:42:06,807 INFO  [restartedMain] org.hibernate.dialect.Dialect:HHH000400: Using dialect: org.hibernate.dialect.PostgreSQLDialect
2023-09-05 22:42:08,480 INFO  [restartedMain] org.hibernate.engine.transaction.jta.platform.internal.JtaPlatformInitiator:HHH000490: Using JtaPlatform implementation: [org.hibernate.engine.transaction.jta.platform.internal.NoJtaPlatform]
2023-09-05 22:42:08,492 INFO  [restartedMain] org.springframework.orm.jpa.LocalContainerEntityManagerFactoryBean:Initialized JPA EntityManagerFactory for persistence unit 'default'
2023-09-05 22:42:10,176 INFO  [restartedMain] org.springframework.security.web.DefaultSecurityFilterChain:Will secure any request with [org.springframework.security.web.session.DisableEncodeUrlFilter@89589e9, org.springframework.security.web.context.request.async.WebAsyncManagerIntegrationFilter@6114939, org.springframework.security.web.context.SecurityContextPersistenceFilter@6dab8b2b, org.springframework.security.web.header.HeaderWriterFilter@5d5b325a, org.springframework.security.web.authentication.logout.LogoutFilter@76d3711d, com.cookerytech.security.jwt.AuthTokenFilter@1b6b94d5, org.springframework.security.web.savedrequest.RequestCacheAwareFilter@43d42782, org.springframework.security.web.servletapi.SecurityContextHolderAwareRequestFilter@676b155, org.springframework.security.web.authentication.AnonymousAuthenticationFilter@4c033bf9, org.springframework.security.web.session.SessionManagementFilter@2499afdd, org.springframework.security.web.access.ExceptionTranslationFilter@716085fb, org.springframework.security.web.access.intercept.FilterSecurityInterceptor@1a128309]
2023-09-05 22:42:10,319 WARN  [restartedMain] org.springframework.boot.autoconfigure.orm.jpa.JpaBaseConfiguration$JpaWebConfiguration:spring.jpa.open-in-view is enabled by default. Therefore, database queries may be performed during view rendering. Explicitly configure spring.jpa.open-in-view to disable this warning
2023-09-05 22:42:12,278 WARN  [restartedMain] org.springframework.security.config.annotation.web.builders.WebSecurity:You are asking Spring Security to ignore Ant [pattern='/v3/api-docs/**']. This is not recommended -- please use permitAll via HttpSecurity#authorizeHttpRequests instead.
2023-09-05 22:42:12,280 INFO  [restartedMain] org.springframework.security.web.DefaultSecurityFilterChain:Will not secure Ant [pattern='/v3/api-docs/**']
2023-09-05 22:42:12,280 WARN  [restartedMain] org.springframework.security.config.annotation.web.builders.WebSecurity:You are asking Spring Security to ignore Ant [pattern='swagger-ui.html']. This is not recommended -- please use permitAll via HttpSecurity#authorizeHttpRequests instead.
2023-09-05 22:42:12,280 INFO  [restartedMain] org.springframework.security.web.DefaultSecurityFilterChain:Will not secure Ant [pattern='swagger-ui.html']
2023-09-05 22:42:12,280 WARN  [restartedMain] org.springframework.security.config.annotation.web.builders.WebSecurity:You are asking Spring Security to ignore Ant [pattern='/swagger-ui/**']. This is not recommended -- please use permitAll via HttpSecurity#authorizeHttpRequests instead.
2023-09-05 22:42:12,280 INFO  [restartedMain] org.springframework.security.web.DefaultSecurityFilterChain:Will not secure Ant [pattern='/swagger-ui/**']
2023-09-05 22:42:12,280 WARN  [restartedMain] org.springframework.security.config.annotation.web.builders.WebSecurity:You are asking Spring Security to ignore Ant [pattern='/']. This is not recommended -- please use permitAll via HttpSecurity#authorizeHttpRequests instead.
2023-09-05 22:42:12,280 INFO  [restartedMain] org.springframework.security.web.DefaultSecurityFilterChain:Will not secure Ant [pattern='/']
2023-09-05 22:42:12,280 WARN  [restartedMain] org.springframework.security.config.annotation.web.builders.WebSecurity:You are asking Spring Security to ignore Ant [pattern='index.html']. This is not recommended -- please use permitAll via HttpSecurity#authorizeHttpRequests instead.
2023-09-05 22:42:12,280 INFO  [restartedMain] org.springframework.security.web.DefaultSecurityFilterChain:Will not secure Ant [pattern='index.html']
2023-09-05 22:42:12,280 WARN  [restartedMain] org.springframework.security.config.annotation.web.builders.WebSecurity:You are asking Spring Security to ignore Ant [pattern='/images/**']. This is not recommended -- please use permitAll via HttpSecurity#authorizeHttpRequests instead.
2023-09-05 22:42:12,281 INFO  [restartedMain] org.springframework.security.web.DefaultSecurityFilterChain:Will not secure Ant [pattern='/images/**']
2023-09-05 22:42:12,281 WARN  [restartedMain] org.springframework.security.config.annotation.web.builders.WebSecurity:You are asking Spring Security to ignore Ant [pattern='/css/**']. This is not recommended -- please use permitAll via HttpSecurity#authorizeHttpRequests instead.
2023-09-05 22:42:12,281 INFO  [restartedMain] org.springframework.security.web.DefaultSecurityFilterChain:Will not secure Ant [pattern='/css/**']
2023-09-05 22:42:12,281 WARN  [restartedMain] org.springframework.security.config.annotation.web.builders.WebSecurity:You are asking Spring Security to ignore Ant [pattern='/js/**']. This is not recommended -- please use permitAll via HttpSecurity#authorizeHttpRequests instead.
2023-09-05 22:42:12,281 INFO  [restartedMain] org.springframework.security.web.DefaultSecurityFilterChain:Will not secure Ant [pattern='/js/**']
2023-09-05 22:42:12,311 INFO  [restartedMain] org.springframework.boot.devtools.autoconfigure.OptionalLiveReloadServer:LiveReload server is running on port 35729
2023-09-05 22:42:12,320 INFO  [restartedMain] org.springframework.boot.actuate.endpoint.web.EndpointLinksResolver:Exposing 14 endpoint(s) beneath base path '/actuator'
2023-09-05 22:42:12,394 INFO  [restartedMain] org.springframework.boot.web.embedded.tomcat.TomcatWebServer:Tomcat started on port(s): 8080 (http) with context path ''
2023-09-05 22:42:12,423 INFO  [restartedMain] com.cookerytech.CookerytechApplication:Started CookerytechApplication in 10.822 seconds (JVM running for 11.59)
2023-09-05 22:44:43,972 INFO  [http-nio-8080-exec-1] org.apache.catalina.core.ContainerBase.[Tomcat].[localhost].[/]:Initializing Spring DispatcherServlet 'dispatcherServlet'
2023-09-05 22:46:28,376 INFO  [SpringApplicationShutdownHook] org.springframework.orm.jpa.LocalContainerEntityManagerFactoryBean:Closing JPA EntityManagerFactory for persistence unit 'default'
2023-09-05 22:46:28,395 INFO  [SpringApplicationShutdownHook] com.zaxxer.hikari.HikariDataSource:HikariPool-1 - Shutdown initiated...
2023-09-05 22:46:28,407 INFO  [SpringApplicationShutdownHook] com.zaxxer.hikari.HikariDataSource:HikariPool-1 - Shutdown completed.
2023-09-05 22:53:12,498 INFO  [restartedMain] com.cookerytech.CookerytechApplication:Starting CookerytechApplication using Java 11.0.9 on Atlgan-MacBook-Air.local with PID 6127 (/Users/atilgansahinulasan/IdeaProjects/cookerytech01/target/classes started by atilgansahinulasan in /Users/atilgansahinulasan/IdeaProjects/cookerytech01)
2023-09-05 22:53:12,504 INFO  [restartedMain] com.cookerytech.CookerytechApplication:No active profile set, falling back to 1 default profile: "default"
2023-09-05 22:53:12,615 INFO  [restartedMain] org.springframework.boot.devtools.env.DevToolsPropertyDefaultsPostProcessor:Devtools property defaults active! Set 'spring.devtools.add-properties' to 'false' to disable
2023-09-05 22:53:12,615 INFO  [restartedMain] org.springframework.boot.devtools.env.DevToolsPropertyDefaultsPostProcessor:For additional web related logging consider setting the 'logging.level.web' property to 'DEBUG'
2023-09-05 22:53:15,238 INFO  [restartedMain] org.springframework.data.repository.config.RepositoryConfigurationDelegate:Bootstrapping Spring Data JPA repositories in DEFAULT mode.
2023-09-05 22:53:15,467 INFO  [restartedMain] org.springframework.data.repository.config.RepositoryConfigurationDelegate:Finished Spring Data repository scanning in 218 ms. Found 15 JPA repository interfaces.
2023-09-05 22:53:16,681 INFO  [restartedMain] org.springframework.boot.web.embedded.tomcat.TomcatWebServer:Tomcat initialized with port(s): 8080 (http)
2023-09-05 22:53:16,693 INFO  [restartedMain] org.apache.catalina.core.StandardService:Starting service [Tomcat]
2023-09-05 22:53:16,693 INFO  [restartedMain] org.apache.catalina.core.StandardEngine:Starting Servlet engine: [Apache Tomcat/9.0.78]
2023-09-05 22:53:16,893 INFO  [restartedMain] org.apache.catalina.core.ContainerBase.[Tomcat].[localhost].[/]:Initializing Spring embedded WebApplicationContext
2023-09-05 22:53:16,894 INFO  [restartedMain] org.springframework.boot.web.servlet.context.ServletWebServerApplicationContext:Root WebApplicationContext: initialization completed in 4278 ms
2023-09-05 22:53:17,459 INFO  [restartedMain] org.hibernate.jpa.internal.util.LogHelper:HHH000204: Processing PersistenceUnitInfo [name: default]
2023-09-05 22:53:17,493 INFO  [restartedMain] org.hibernate.Version:HHH000412: Hibernate ORM core version 5.6.15.Final
2023-09-05 22:53:17,640 INFO  [restartedMain] org.hibernate.annotations.common.Version:HCANN000001: Hibernate Commons Annotations {5.1.2.Final}
2023-09-05 22:53:17,749 INFO  [restartedMain] com.zaxxer.hikari.HikariDataSource:HikariPool-1 - Starting...
2023-09-05 22:53:18,022 INFO  [restartedMain] com.zaxxer.hikari.HikariDataSource:HikariPool-1 - Start completed.
2023-09-05 22:53:18,045 INFO  [restartedMain] org.hibernate.dialect.Dialect:HHH000400: Using dialect: org.hibernate.dialect.PostgreSQLDialect
2023-09-05 22:53:19,950 INFO  [restartedMain] org.hibernate.engine.transaction.jta.platform.internal.JtaPlatformInitiator:HHH000490: Using JtaPlatform implementation: [org.hibernate.engine.transaction.jta.platform.internal.NoJtaPlatform]
2023-09-05 22:53:19,966 INFO  [restartedMain] org.springframework.orm.jpa.LocalContainerEntityManagerFactoryBean:Initialized JPA EntityManagerFactory for persistence unit 'default'
2023-09-05 22:53:22,112 INFO  [restartedMain] org.springframework.security.web.DefaultSecurityFilterChain:Will secure any request with [org.springframework.security.web.session.DisableEncodeUrlFilter@4a8e7a71, org.springframework.security.web.context.request.async.WebAsyncManagerIntegrationFilter@5ec713e9, org.springframework.security.web.context.SecurityContextPersistenceFilter@766d7977, org.springframework.security.web.header.HeaderWriterFilter@8191708, org.springframework.security.web.authentication.logout.LogoutFilter@2ca0eb99, com.cookerytech.security.jwt.AuthTokenFilter@7a676920, org.springframework.security.web.savedrequest.RequestCacheAwareFilter@7dc227cf, org.springframework.security.web.servletapi.SecurityContextHolderAwareRequestFilter@7891f4fd, org.springframework.security.web.authentication.AnonymousAuthenticationFilter@60fec139, org.springframework.security.web.session.SessionManagementFilter@5e7e7047, org.springframework.security.web.access.ExceptionTranslationFilter@e805681, org.springframework.security.web.access.intercept.FilterSecurityInterceptor@4320de4]
2023-09-05 22:53:22,347 WARN  [restartedMain] org.springframework.boot.autoconfigure.orm.jpa.JpaBaseConfiguration$JpaWebConfiguration:spring.jpa.open-in-view is enabled by default. Therefore, database queries may be performed during view rendering. Explicitly configure spring.jpa.open-in-view to disable this warning
2023-09-05 22:53:24,285 WARN  [restartedMain] org.springframework.security.config.annotation.web.builders.WebSecurity:You are asking Spring Security to ignore Ant [pattern='/v3/api-docs/**']. This is not recommended -- please use permitAll via HttpSecurity#authorizeHttpRequests instead.
2023-09-05 22:53:24,286 INFO  [restartedMain] org.springframework.security.web.DefaultSecurityFilterChain:Will not secure Ant [pattern='/v3/api-docs/**']
2023-09-05 22:53:24,286 WARN  [restartedMain] org.springframework.security.config.annotation.web.builders.WebSecurity:You are asking Spring Security to ignore Ant [pattern='swagger-ui.html']. This is not recommended -- please use permitAll via HttpSecurity#authorizeHttpRequests instead.
2023-09-05 22:53:24,286 INFO  [restartedMain] org.springframework.security.web.DefaultSecurityFilterChain:Will not secure Ant [pattern='swagger-ui.html']
2023-09-05 22:53:24,286 WARN  [restartedMain] org.springframework.security.config.annotation.web.builders.WebSecurity:You are asking Spring Security to ignore Ant [pattern='/swagger-ui/**']. This is not recommended -- please use permitAll via HttpSecurity#authorizeHttpRequests instead.
2023-09-05 22:53:24,286 INFO  [restartedMain] org.springframework.security.web.DefaultSecurityFilterChain:Will not secure Ant [pattern='/swagger-ui/**']
2023-09-05 22:53:24,286 WARN  [restartedMain] org.springframework.security.config.annotation.web.builders.WebSecurity:You are asking Spring Security to ignore Ant [pattern='/']. This is not recommended -- please use permitAll via HttpSecurity#authorizeHttpRequests instead.
2023-09-05 22:53:24,286 INFO  [restartedMain] org.springframework.security.web.DefaultSecurityFilterChain:Will not secure Ant [pattern='/']
2023-09-05 22:53:24,287 WARN  [restartedMain] org.springframework.security.config.annotation.web.builders.WebSecurity:You are asking Spring Security to ignore Ant [pattern='index.html']. This is not recommended -- please use permitAll via HttpSecurity#authorizeHttpRequests instead.
2023-09-05 22:53:24,287 INFO  [restartedMain] org.springframework.security.web.DefaultSecurityFilterChain:Will not secure Ant [pattern='index.html']
2023-09-05 22:53:24,287 WARN  [restartedMain] org.springframework.security.config.annotation.web.builders.WebSecurity:You are asking Spring Security to ignore Ant [pattern='/images/**']. This is not recommended -- please use permitAll via HttpSecurity#authorizeHttpRequests instead.
2023-09-05 22:53:24,287 INFO  [restartedMain] org.springframework.security.web.DefaultSecurityFilterChain:Will not secure Ant [pattern='/images/**']
2023-09-05 22:53:24,287 WARN  [restartedMain] org.springframework.security.config.annotation.web.builders.WebSecurity:You are asking Spring Security to ignore Ant [pattern='/css/**']. This is not recommended -- please use permitAll via HttpSecurity#authorizeHttpRequests instead.
2023-09-05 22:53:24,287 INFO  [restartedMain] org.springframework.security.web.DefaultSecurityFilterChain:Will not secure Ant [pattern='/css/**']
2023-09-05 22:53:24,287 WARN  [restartedMain] org.springframework.security.config.annotation.web.builders.WebSecurity:You are asking Spring Security to ignore Ant [pattern='/js/**']. This is not recommended -- please use permitAll via HttpSecurity#authorizeHttpRequests instead.
2023-09-05 22:53:24,287 INFO  [restartedMain] org.springframework.security.web.DefaultSecurityFilterChain:Will not secure Ant [pattern='/js/**']
2023-09-05 22:53:24,323 INFO  [restartedMain] org.springframework.boot.devtools.autoconfigure.OptionalLiveReloadServer:LiveReload server is running on port 35729
2023-09-05 22:53:24,333 INFO  [restartedMain] org.springframework.boot.actuate.endpoint.web.EndpointLinksResolver:Exposing 14 endpoint(s) beneath base path '/actuator'
2023-09-05 22:53:24,420 INFO  [restartedMain] org.springframework.boot.web.embedded.tomcat.TomcatWebServer:Tomcat started on port(s): 8080 (http) with context path ''
2023-09-05 22:53:24,493 INFO  [restartedMain] com.cookerytech.CookerytechApplication:Started CookerytechApplication in 13.093 seconds (JVM running for 13.934)
2023-09-05 22:53:52,450 INFO  [http-nio-8080-exec-2] org.apache.catalina.core.ContainerBase.[Tomcat].[localhost].[/]:Initializing Spring DispatcherServlet 'dispatcherServlet'
2023-09-05 22:57:18,639 ERROR [http-nio-8080-exec-7] org.apache.catalina.core.ContainerBase.[Tomcat].[localhost].[/].[dispatcherServlet]:Servlet.service() for servlet [dispatcherServlet] in context with path [] threw exception [Request processing failed; nested exception is com.cookerytech.exception.BadRequestException: You don't have any permission to change this data] with root cause
com.cookerytech.exception.BadRequestException: You don't have any permission to change this data
	at com.cookerytech.service.UserService.updateUserResponseById(UserService.java:302)
	at com.cookerytech.controller.UserController.updateUserById(UserController.java:115)
	at com.cookerytech.controller.UserController$$FastClassBySpringCGLIB$$5f921c98.invoke(<generated>)
	at org.springframework.cglib.proxy.MethodProxy.invoke(MethodProxy.java:218)
	at org.springframework.aop.framework.CglibAopProxy$CglibMethodInvocation.invokeJoinpoint(CglibAopProxy.java:793)
	at org.springframework.aop.framework.ReflectiveMethodInvocation.proceed(ReflectiveMethodInvocation.java:163)
	at org.springframework.aop.framework.CglibAopProxy$CglibMethodInvocation.proceed(CglibAopProxy.java:763)
	at org.springframework.security.access.intercept.aopalliance.MethodSecurityInterceptor.invoke(MethodSecurityInterceptor.java:61)
	at org.springframework.aop.framework.ReflectiveMethodInvocation.proceed(ReflectiveMethodInvocation.java:186)
	at org.springframework.aop.framework.CglibAopProxy$CglibMethodInvocation.proceed(CglibAopProxy.java:763)
	at org.springframework.aop.framework.CglibAopProxy$DynamicAdvisedInterceptor.intercept(CglibAopProxy.java:708)
	at com.cookerytech.controller.UserController$$EnhancerBySpringCGLIB$$addc066d.updateUserById(<generated>)
	at java.base/jdk.internal.reflect.NativeMethodAccessorImpl.invoke0(Native Method)
	at java.base/jdk.internal.reflect.NativeMethodAccessorImpl.invoke(NativeMethodAccessorImpl.java:62)
	at java.base/jdk.internal.reflect.DelegatingMethodAccessorImpl.invoke(DelegatingMethodAccessorImpl.java:43)
	at java.base/java.lang.reflect.Method.invoke(Method.java:566)
	at org.springframework.web.method.support.InvocableHandlerMethod.doInvoke(InvocableHandlerMethod.java:205)
	at org.springframework.web.method.support.InvocableHandlerMethod.invokeForRequest(InvocableHandlerMethod.java:150)
	at org.springframework.web.servlet.mvc.method.annotation.ServletInvocableHandlerMethod.invokeAndHandle(ServletInvocableHandlerMethod.java:117)
	at org.springframework.web.servlet.mvc.method.annotation.RequestMappingHandlerAdapter.invokeHandlerMethod(RequestMappingHandlerAdapter.java:895)
	at org.springframework.web.servlet.mvc.method.annotation.RequestMappingHandlerAdapter.handleInternal(RequestMappingHandlerAdapter.java:808)
	at org.springframework.web.servlet.mvc.method.AbstractHandlerMethodAdapter.handle(AbstractHandlerMethodAdapter.java:87)
	at org.springframework.web.servlet.DispatcherServlet.doDispatch(DispatcherServlet.java:1072)
	at org.springframework.web.servlet.DispatcherServlet.doService(DispatcherServlet.java:965)
	at org.springframework.web.servlet.FrameworkServlet.processRequest(FrameworkServlet.java:1006)
	at org.springframework.web.servlet.FrameworkServlet.doPut(FrameworkServlet.java:920)
	at javax.servlet.http.HttpServlet.service(HttpServlet.java:558)
	at org.springframework.web.servlet.FrameworkServlet.service(FrameworkServlet.java:883)
	at javax.servlet.http.HttpServlet.service(HttpServlet.java:623)
	at org.apache.catalina.core.ApplicationFilterChain.internalDoFilter(ApplicationFilterChain.java:209)
	at org.apache.catalina.core.ApplicationFilterChain.doFilter(ApplicationFilterChain.java:153)
	at org.apache.tomcat.websocket.server.WsFilter.doFilter(WsFilter.java:51)
	at org.apache.catalina.core.ApplicationFilterChain.internalDoFilter(ApplicationFilterChain.java:178)
	at org.apache.catalina.core.ApplicationFilterChain.doFilter(ApplicationFilterChain.java:153)
	at org.springframework.web.filter.OncePerRequestFilter.doFilter(OncePerRequestFilter.java:111)
	at org.apache.catalina.core.ApplicationFilterChain.internalDoFilter(ApplicationFilterChain.java:178)
	at org.apache.catalina.core.ApplicationFilterChain.doFilter(ApplicationFilterChain.java:153)
	at org.springframework.security.web.FilterChainProxy$VirtualFilterChain.doFilter(FilterChainProxy.java:337)
	at org.springframework.security.web.access.intercept.FilterSecurityInterceptor.invoke(FilterSecurityInterceptor.java:115)
	at org.springframework.security.web.access.intercept.FilterSecurityInterceptor.doFilter(FilterSecurityInterceptor.java:81)
	at org.springframework.security.web.FilterChainProxy$VirtualFilterChain.doFilter(FilterChainProxy.java:346)
	at org.springframework.security.web.access.ExceptionTranslationFilter.doFilter(ExceptionTranslationFilter.java:122)
	at org.springframework.security.web.access.ExceptionTranslationFilter.doFilter(ExceptionTranslationFilter.java:116)
	at org.springframework.security.web.FilterChainProxy$VirtualFilterChain.doFilter(FilterChainProxy.java:346)
	at org.springframework.security.web.session.SessionManagementFilter.doFilter(SessionManagementFilter.java:126)
	at org.springframework.security.web.session.SessionManagementFilter.doFilter(SessionManagementFilter.java:81)
	at org.springframework.security.web.FilterChainProxy$VirtualFilterChain.doFilter(FilterChainProxy.java:346)
	at org.springframework.security.web.authentication.AnonymousAuthenticationFilter.doFilter(AnonymousAuthenticationFilter.java:109)
	at org.springframework.security.web.FilterChainProxy$VirtualFilterChain.doFilter(FilterChainProxy.java:346)
	at org.springframework.security.web.servletapi.SecurityContextHolderAwareRequestFilter.doFilter(SecurityContextHolderAwareRequestFilter.java:149)
	at org.springframework.security.web.FilterChainProxy$VirtualFilterChain.doFilter(FilterChainProxy.java:346)
	at org.springframework.security.web.savedrequest.RequestCacheAwareFilter.doFilter(RequestCacheAwareFilter.java:63)
	at org.springframework.security.web.FilterChainProxy$VirtualFilterChain.doFilter(FilterChainProxy.java:346)
	at com.cookerytech.security.jwt.AuthTokenFilter.doFilterInternal(AuthTokenFilter.java:49)
	at org.springframework.web.filter.OncePerRequestFilter.doFilter(OncePerRequestFilter.java:117)
	at org.springframework.security.web.FilterChainProxy$VirtualFilterChain.doFilter(FilterChainProxy.java:346)
	at org.springframework.security.web.authentication.logout.LogoutFilter.doFilter(LogoutFilter.java:103)
	at org.springframework.security.web.authentication.logout.LogoutFilter.doFilter(LogoutFilter.java:89)
	at org.springframework.security.web.FilterChainProxy$VirtualFilterChain.doFilter(FilterChainProxy.java:346)
	at org.springframework.security.web.header.HeaderWriterFilter.doHeadersAfter(HeaderWriterFilter.java:90)
	at org.springframework.security.web.header.HeaderWriterFilter.doFilterInternal(HeaderWriterFilter.java:75)
	at org.springframework.web.filter.OncePerRequestFilter.doFilter(OncePerRequestFilter.java:117)
	at org.springframework.security.web.FilterChainProxy$VirtualFilterChain.doFilter(FilterChainProxy.java:346)
	at org.springframework.security.web.context.SecurityContextPersistenceFilter.doFilter(SecurityContextPersistenceFilter.java:112)
	at org.springframework.security.web.context.SecurityContextPersistenceFilter.doFilter(SecurityContextPersistenceFilter.java:82)
	at org.springframework.security.web.FilterChainProxy$VirtualFilterChain.doFilter(FilterChainProxy.java:346)
	at org.springframework.security.web.context.request.async.WebAsyncManagerIntegrationFilter.doFilterInternal(WebAsyncManagerIntegrationFilter.java:55)
	at org.springframework.web.filter.OncePerRequestFilter.doFilter(OncePerRequestFilter.java:117)
	at org.springframework.security.web.FilterChainProxy$VirtualFilterChain.doFilter(FilterChainProxy.java:346)
	at org.springframework.security.web.session.DisableEncodeUrlFilter.doFilterInternal(DisableEncodeUrlFilter.java:42)
	at org.springframework.web.filter.OncePerRequestFilter.doFilter(OncePerRequestFilter.java:117)
	at org.springframework.security.web.FilterChainProxy$VirtualFilterChain.doFilter(FilterChainProxy.java:346)
	at org.springframework.security.web.FilterChainProxy.doFilterInternal(FilterChainProxy.java:221)
	at org.springframework.security.web.FilterChainProxy.doFilter(FilterChainProxy.java:186)
	at org.springframework.web.filter.DelegatingFilterProxy.invokeDelegate(DelegatingFilterProxy.java:354)
	at org.springframework.web.filter.DelegatingFilterProxy.doFilter(DelegatingFilterProxy.java:267)
	at org.apache.catalina.core.ApplicationFilterChain.internalDoFilter(ApplicationFilterChain.java:178)
	at org.apache.catalina.core.ApplicationFilterChain.doFilter(ApplicationFilterChain.java:153)
	at org.springframework.web.filter.RequestContextFilter.doFilterInternal(RequestContextFilter.java:100)
	at org.springframework.web.filter.OncePerRequestFilter.doFilter(OncePerRequestFilter.java:117)
	at org.apache.catalina.core.ApplicationFilterChain.internalDoFilter(ApplicationFilterChain.java:178)
	at org.apache.catalina.core.ApplicationFilterChain.doFilter(ApplicationFilterChain.java:153)
	at org.springframework.web.filter.FormContentFilter.doFilterInternal(FormContentFilter.java:93)
	at org.springframework.web.filter.OncePerRequestFilter.doFilter(OncePerRequestFilter.java:117)
	at org.apache.catalina.core.ApplicationFilterChain.internalDoFilter(ApplicationFilterChain.java:178)
	at org.apache.catalina.core.ApplicationFilterChain.doFilter(ApplicationFilterChain.java:153)
	at org.springframework.boot.actuate.metrics.web.servlet.WebMvcMetricsFilter.doFilterInternal(WebMvcMetricsFilter.java:96)
	at org.springframework.web.filter.OncePerRequestFilter.doFilter(OncePerRequestFilter.java:117)
	at org.apache.catalina.core.ApplicationFilterChain.internalDoFilter(ApplicationFilterChain.java:178)
	at org.apache.catalina.core.ApplicationFilterChain.doFilter(ApplicationFilterChain.java:153)
	at org.springframework.web.filter.CharacterEncodingFilter.doFilterInternal(CharacterEncodingFilter.java:201)
	at org.springframework.web.filter.OncePerRequestFilter.doFilter(OncePerRequestFilter.java:117)
	at org.apache.catalina.core.ApplicationFilterChain.internalDoFilter(ApplicationFilterChain.java:178)
	at org.apache.catalina.core.ApplicationFilterChain.doFilter(ApplicationFilterChain.java:153)
	at org.apache.catalina.core.StandardWrapperValve.invoke(StandardWrapperValve.java:167)
	at org.apache.catalina.core.StandardContextValve.invoke(StandardContextValve.java:90)
	at org.apache.catalina.authenticator.AuthenticatorBase.invoke(AuthenticatorBase.java:481)
	at org.apache.catalina.core.StandardHostValve.invoke(StandardHostValve.java:130)
	at org.apache.catalina.valves.ErrorReportValve.invoke(ErrorReportValve.java:93)
	at org.apache.catalina.core.StandardEngineValve.invoke(StandardEngineValve.java:74)
	at org.apache.catalina.connector.CoyoteAdapter.service(CoyoteAdapter.java:343)
	at org.apache.coyote.http11.Http11Processor.service(Http11Processor.java:390)
	at org.apache.coyote.AbstractProcessorLight.process(AbstractProcessorLight.java:63)
	at org.apache.coyote.AbstractProtocol$ConnectionHandler.process(AbstractProtocol.java:926)
	at org.apache.tomcat.util.net.NioEndpoint$SocketProcessor.doRun(NioEndpoint.java:1791)
	at org.apache.tomcat.util.net.SocketProcessorBase.run(SocketProcessorBase.java:52)
	at org.apache.tomcat.util.threads.ThreadPoolExecutor.runWorker(ThreadPoolExecutor.java:1191)
	at org.apache.tomcat.util.threads.ThreadPoolExecutor$Worker.run(ThreadPoolExecutor.java:659)
	at org.apache.tomcat.util.threads.TaskThread$WrappingRunnable.run(TaskThread.java:61)
	at java.base/java.lang.Thread.run(Thread.java:834)
2023-09-05 22:58:54,704 ERROR [http-nio-8080-exec-10] org.apache.catalina.core.ContainerBase.[Tomcat].[localhost].[/].[dispatcherServlet]:Servlet.service() for servlet [dispatcherServlet] in context with path [] threw exception [Request processing failed; nested exception is com.cookerytech.exception.BadRequestException: You don't have any permission to change this data] with root cause
com.cookerytech.exception.BadRequestException: You don't have any permission to change this data
	at com.cookerytech.service.UserService.updateUserResponseById(UserService.java:302)
	at com.cookerytech.controller.UserController.updateUserById(UserController.java:115)
	at com.cookerytech.controller.UserController$$FastClassBySpringCGLIB$$5f921c98.invoke(<generated>)
	at org.springframework.cglib.proxy.MethodProxy.invoke(MethodProxy.java:218)
	at org.springframework.aop.framework.CglibAopProxy$CglibMethodInvocation.invokeJoinpoint(CglibAopProxy.java:793)
	at org.springframework.aop.framework.ReflectiveMethodInvocation.proceed(ReflectiveMethodInvocation.java:163)
	at org.springframework.aop.framework.CglibAopProxy$CglibMethodInvocation.proceed(CglibAopProxy.java:763)
	at org.springframework.security.access.intercept.aopalliance.MethodSecurityInterceptor.invoke(MethodSecurityInterceptor.java:61)
	at org.springframework.aop.framework.ReflectiveMethodInvocation.proceed(ReflectiveMethodInvocation.java:186)
	at org.springframework.aop.framework.CglibAopProxy$CglibMethodInvocation.proceed(CglibAopProxy.java:763)
	at org.springframework.aop.framework.CglibAopProxy$DynamicAdvisedInterceptor.intercept(CglibAopProxy.java:708)
	at com.cookerytech.controller.UserController$$EnhancerBySpringCGLIB$$addc066d.updateUserById(<generated>)
	at java.base/jdk.internal.reflect.NativeMethodAccessorImpl.invoke0(Native Method)
	at java.base/jdk.internal.reflect.NativeMethodAccessorImpl.invoke(NativeMethodAccessorImpl.java:62)
	at java.base/jdk.internal.reflect.DelegatingMethodAccessorImpl.invoke(DelegatingMethodAccessorImpl.java:43)
	at java.base/java.lang.reflect.Method.invoke(Method.java:566)
	at org.springframework.web.method.support.InvocableHandlerMethod.doInvoke(InvocableHandlerMethod.java:205)
	at org.springframework.web.method.support.InvocableHandlerMethod.invokeForRequest(InvocableHandlerMethod.java:150)
	at org.springframework.web.servlet.mvc.method.annotation.ServletInvocableHandlerMethod.invokeAndHandle(ServletInvocableHandlerMethod.java:117)
	at org.springframework.web.servlet.mvc.method.annotation.RequestMappingHandlerAdapter.invokeHandlerMethod(RequestMappingHandlerAdapter.java:895)
	at org.springframework.web.servlet.mvc.method.annotation.RequestMappingHandlerAdapter.handleInternal(RequestMappingHandlerAdapter.java:808)
	at org.springframework.web.servlet.mvc.method.AbstractHandlerMethodAdapter.handle(AbstractHandlerMethodAdapter.java:87)
	at org.springframework.web.servlet.DispatcherServlet.doDispatch(DispatcherServlet.java:1072)
	at org.springframework.web.servlet.DispatcherServlet.doService(DispatcherServlet.java:965)
	at org.springframework.web.servlet.FrameworkServlet.processRequest(FrameworkServlet.java:1006)
	at org.springframework.web.servlet.FrameworkServlet.doPut(FrameworkServlet.java:920)
	at javax.servlet.http.HttpServlet.service(HttpServlet.java:558)
	at org.springframework.web.servlet.FrameworkServlet.service(FrameworkServlet.java:883)
	at javax.servlet.http.HttpServlet.service(HttpServlet.java:623)
	at org.apache.catalina.core.ApplicationFilterChain.internalDoFilter(ApplicationFilterChain.java:209)
	at org.apache.catalina.core.ApplicationFilterChain.doFilter(ApplicationFilterChain.java:153)
	at org.apache.tomcat.websocket.server.WsFilter.doFilter(WsFilter.java:51)
	at org.apache.catalina.core.ApplicationFilterChain.internalDoFilter(ApplicationFilterChain.java:178)
	at org.apache.catalina.core.ApplicationFilterChain.doFilter(ApplicationFilterChain.java:153)
	at org.springframework.web.filter.OncePerRequestFilter.doFilter(OncePerRequestFilter.java:111)
	at org.apache.catalina.core.ApplicationFilterChain.internalDoFilter(ApplicationFilterChain.java:178)
	at org.apache.catalina.core.ApplicationFilterChain.doFilter(ApplicationFilterChain.java:153)
	at org.springframework.security.web.FilterChainProxy$VirtualFilterChain.doFilter(FilterChainProxy.java:337)
	at org.springframework.security.web.access.intercept.FilterSecurityInterceptor.invoke(FilterSecurityInterceptor.java:115)
	at org.springframework.security.web.access.intercept.FilterSecurityInterceptor.doFilter(FilterSecurityInterceptor.java:81)
	at org.springframework.security.web.FilterChainProxy$VirtualFilterChain.doFilter(FilterChainProxy.java:346)
	at org.springframework.security.web.access.ExceptionTranslationFilter.doFilter(ExceptionTranslationFilter.java:122)
	at org.springframework.security.web.access.ExceptionTranslationFilter.doFilter(ExceptionTranslationFilter.java:116)
	at org.springframework.security.web.FilterChainProxy$VirtualFilterChain.doFilter(FilterChainProxy.java:346)
	at org.springframework.security.web.session.SessionManagementFilter.doFilter(SessionManagementFilter.java:126)
	at org.springframework.security.web.session.SessionManagementFilter.doFilter(SessionManagementFilter.java:81)
	at org.springframework.security.web.FilterChainProxy$VirtualFilterChain.doFilter(FilterChainProxy.java:346)
	at org.springframework.security.web.authentication.AnonymousAuthenticationFilter.doFilter(AnonymousAuthenticationFilter.java:109)
	at org.springframework.security.web.FilterChainProxy$VirtualFilterChain.doFilter(FilterChainProxy.java:346)
	at org.springframework.security.web.servletapi.SecurityContextHolderAwareRequestFilter.doFilter(SecurityContextHolderAwareRequestFilter.java:149)
	at org.springframework.security.web.FilterChainProxy$VirtualFilterChain.doFilter(FilterChainProxy.java:346)
	at org.springframework.security.web.savedrequest.RequestCacheAwareFilter.doFilter(RequestCacheAwareFilter.java:63)
	at org.springframework.security.web.FilterChainProxy$VirtualFilterChain.doFilter(FilterChainProxy.java:346)
	at com.cookerytech.security.jwt.AuthTokenFilter.doFilterInternal(AuthTokenFilter.java:49)
	at org.springframework.web.filter.OncePerRequestFilter.doFilter(OncePerRequestFilter.java:117)
	at org.springframework.security.web.FilterChainProxy$VirtualFilterChain.doFilter(FilterChainProxy.java:346)
	at org.springframework.security.web.authentication.logout.LogoutFilter.doFilter(LogoutFilter.java:103)
	at org.springframework.security.web.authentication.logout.LogoutFilter.doFilter(LogoutFilter.java:89)
	at org.springframework.security.web.FilterChainProxy$VirtualFilterChain.doFilter(FilterChainProxy.java:346)
	at org.springframework.security.web.header.HeaderWriterFilter.doHeadersAfter(HeaderWriterFilter.java:90)
	at org.springframework.security.web.header.HeaderWriterFilter.doFilterInternal(HeaderWriterFilter.java:75)
	at org.springframework.web.filter.OncePerRequestFilter.doFilter(OncePerRequestFilter.java:117)
	at org.springframework.security.web.FilterChainProxy$VirtualFilterChain.doFilter(FilterChainProxy.java:346)
	at org.springframework.security.web.context.SecurityContextPersistenceFilter.doFilter(SecurityContextPersistenceFilter.java:112)
	at org.springframework.security.web.context.SecurityContextPersistenceFilter.doFilter(SecurityContextPersistenceFilter.java:82)
	at org.springframework.security.web.FilterChainProxy$VirtualFilterChain.doFilter(FilterChainProxy.java:346)
	at org.springframework.security.web.context.request.async.WebAsyncManagerIntegrationFilter.doFilterInternal(WebAsyncManagerIntegrationFilter.java:55)
	at org.springframework.web.filter.OncePerRequestFilter.doFilter(OncePerRequestFilter.java:117)
	at org.springframework.security.web.FilterChainProxy$VirtualFilterChain.doFilter(FilterChainProxy.java:346)
	at org.springframework.security.web.session.DisableEncodeUrlFilter.doFilterInternal(DisableEncodeUrlFilter.java:42)
	at org.springframework.web.filter.OncePerRequestFilter.doFilter(OncePerRequestFilter.java:117)
	at org.springframework.security.web.FilterChainProxy$VirtualFilterChain.doFilter(FilterChainProxy.java:346)
	at org.springframework.security.web.FilterChainProxy.doFilterInternal(FilterChainProxy.java:221)
	at org.springframework.security.web.FilterChainProxy.doFilter(FilterChainProxy.java:186)
	at org.springframework.web.filter.DelegatingFilterProxy.invokeDelegate(DelegatingFilterProxy.java:354)
	at org.springframework.web.filter.DelegatingFilterProxy.doFilter(DelegatingFilterProxy.java:267)
	at org.apache.catalina.core.ApplicationFilterChain.internalDoFilter(ApplicationFilterChain.java:178)
	at org.apache.catalina.core.ApplicationFilterChain.doFilter(ApplicationFilterChain.java:153)
	at org.springframework.web.filter.RequestContextFilter.doFilterInternal(RequestContextFilter.java:100)
	at org.springframework.web.filter.OncePerRequestFilter.doFilter(OncePerRequestFilter.java:117)
	at org.apache.catalina.core.ApplicationFilterChain.internalDoFilter(ApplicationFilterChain.java:178)
	at org.apache.catalina.core.ApplicationFilterChain.doFilter(ApplicationFilterChain.java:153)
	at org.springframework.web.filter.FormContentFilter.doFilterInternal(FormContentFilter.java:93)
	at org.springframework.web.filter.OncePerRequestFilter.doFilter(OncePerRequestFilter.java:117)
	at org.apache.catalina.core.ApplicationFilterChain.internalDoFilter(ApplicationFilterChain.java:178)
	at org.apache.catalina.core.ApplicationFilterChain.doFilter(ApplicationFilterChain.java:153)
	at org.springframework.boot.actuate.metrics.web.servlet.WebMvcMetricsFilter.doFilterInternal(WebMvcMetricsFilter.java:96)
	at org.springframework.web.filter.OncePerRequestFilter.doFilter(OncePerRequestFilter.java:117)
	at org.apache.catalina.core.ApplicationFilterChain.internalDoFilter(ApplicationFilterChain.java:178)
	at org.apache.catalina.core.ApplicationFilterChain.doFilter(ApplicationFilterChain.java:153)
	at org.springframework.web.filter.CharacterEncodingFilter.doFilterInternal(CharacterEncodingFilter.java:201)
	at org.springframework.web.filter.OncePerRequestFilter.doFilter(OncePerRequestFilter.java:117)
	at org.apache.catalina.core.ApplicationFilterChain.internalDoFilter(ApplicationFilterChain.java:178)
	at org.apache.catalina.core.ApplicationFilterChain.doFilter(ApplicationFilterChain.java:153)
	at org.apache.catalina.core.StandardWrapperValve.invoke(StandardWrapperValve.java:167)
	at org.apache.catalina.core.StandardContextValve.invoke(StandardContextValve.java:90)
	at org.apache.catalina.authenticator.AuthenticatorBase.invoke(AuthenticatorBase.java:481)
	at org.apache.catalina.core.StandardHostValve.invoke(StandardHostValve.java:130)
	at org.apache.catalina.valves.ErrorReportValve.invoke(ErrorReportValve.java:93)
	at org.apache.catalina.core.StandardEngineValve.invoke(StandardEngineValve.java:74)
	at org.apache.catalina.connector.CoyoteAdapter.service(CoyoteAdapter.java:343)
	at org.apache.coyote.http11.Http11Processor.service(Http11Processor.java:390)
	at org.apache.coyote.AbstractProcessorLight.process(AbstractProcessorLight.java:63)
	at org.apache.coyote.AbstractProtocol$ConnectionHandler.process(AbstractProtocol.java:926)
	at org.apache.tomcat.util.net.NioEndpoint$SocketProcessor.doRun(NioEndpoint.java:1791)
	at org.apache.tomcat.util.net.SocketProcessorBase.run(SocketProcessorBase.java:52)
	at org.apache.tomcat.util.threads.ThreadPoolExecutor.runWorker(ThreadPoolExecutor.java:1191)
	at org.apache.tomcat.util.threads.ThreadPoolExecutor$Worker.run(ThreadPoolExecutor.java:659)
	at org.apache.tomcat.util.threads.TaskThread$WrappingRunnable.run(TaskThread.java:61)
	at java.base/java.lang.Thread.run(Thread.java:834)
2023-09-05 23:03:13,614 ERROR [http-nio-8080-exec-8] org.apache.catalina.core.ContainerBase.[Tomcat].[localhost].[/].[dispatcherServlet]:Servlet.service() for servlet [dispatcherServlet] in context with path [] threw exception [Request processing failed; nested exception is com.cookerytech.exception.ConflictException: Email: ss@gmail.com already exist] with root cause
com.cookerytech.exception.ConflictException: Email: ss@gmail.com already exist
	at com.cookerytech.service.UserService.updateUserResponseById(UserService.java:272)
	at com.cookerytech.controller.UserController.updateUserById(UserController.java:115)
	at com.cookerytech.controller.UserController$$FastClassBySpringCGLIB$$5f921c98.invoke(<generated>)
	at org.springframework.cglib.proxy.MethodProxy.invoke(MethodProxy.java:218)
	at org.springframework.aop.framework.CglibAopProxy$CglibMethodInvocation.invokeJoinpoint(CglibAopProxy.java:793)
	at org.springframework.aop.framework.ReflectiveMethodInvocation.proceed(ReflectiveMethodInvocation.java:163)
	at org.springframework.aop.framework.CglibAopProxy$CglibMethodInvocation.proceed(CglibAopProxy.java:763)
	at org.springframework.security.access.intercept.aopalliance.MethodSecurityInterceptor.invoke(MethodSecurityInterceptor.java:61)
	at org.springframework.aop.framework.ReflectiveMethodInvocation.proceed(ReflectiveMethodInvocation.java:186)
	at org.springframework.aop.framework.CglibAopProxy$CglibMethodInvocation.proceed(CglibAopProxy.java:763)
	at org.springframework.aop.framework.CglibAopProxy$DynamicAdvisedInterceptor.intercept(CglibAopProxy.java:708)
	at com.cookerytech.controller.UserController$$EnhancerBySpringCGLIB$$addc066d.updateUserById(<generated>)
	at java.base/jdk.internal.reflect.NativeMethodAccessorImpl.invoke0(Native Method)
	at java.base/jdk.internal.reflect.NativeMethodAccessorImpl.invoke(NativeMethodAccessorImpl.java:62)
	at java.base/jdk.internal.reflect.DelegatingMethodAccessorImpl.invoke(DelegatingMethodAccessorImpl.java:43)
	at java.base/java.lang.reflect.Method.invoke(Method.java:566)
	at org.springframework.web.method.support.InvocableHandlerMethod.doInvoke(InvocableHandlerMethod.java:205)
	at org.springframework.web.method.support.InvocableHandlerMethod.invokeForRequest(InvocableHandlerMethod.java:150)
	at org.springframework.web.servlet.mvc.method.annotation.ServletInvocableHandlerMethod.invokeAndHandle(ServletInvocableHandlerMethod.java:117)
	at org.springframework.web.servlet.mvc.method.annotation.RequestMappingHandlerAdapter.invokeHandlerMethod(RequestMappingHandlerAdapter.java:895)
	at org.springframework.web.servlet.mvc.method.annotation.RequestMappingHandlerAdapter.handleInternal(RequestMappingHandlerAdapter.java:808)
	at org.springframework.web.servlet.mvc.method.AbstractHandlerMethodAdapter.handle(AbstractHandlerMethodAdapter.java:87)
	at org.springframework.web.servlet.DispatcherServlet.doDispatch(DispatcherServlet.java:1072)
	at org.springframework.web.servlet.DispatcherServlet.doService(DispatcherServlet.java:965)
	at org.springframework.web.servlet.FrameworkServlet.processRequest(FrameworkServlet.java:1006)
	at org.springframework.web.servlet.FrameworkServlet.doPut(FrameworkServlet.java:920)
	at javax.servlet.http.HttpServlet.service(HttpServlet.java:558)
	at org.springframework.web.servlet.FrameworkServlet.service(FrameworkServlet.java:883)
	at javax.servlet.http.HttpServlet.service(HttpServlet.java:623)
	at org.apache.catalina.core.ApplicationFilterChain.internalDoFilter(ApplicationFilterChain.java:209)
	at org.apache.catalina.core.ApplicationFilterChain.doFilter(ApplicationFilterChain.java:153)
	at org.apache.tomcat.websocket.server.WsFilter.doFilter(WsFilter.java:51)
	at org.apache.catalina.core.ApplicationFilterChain.internalDoFilter(ApplicationFilterChain.java:178)
	at org.apache.catalina.core.ApplicationFilterChain.doFilter(ApplicationFilterChain.java:153)
	at org.springframework.web.filter.OncePerRequestFilter.doFilter(OncePerRequestFilter.java:111)
	at org.apache.catalina.core.ApplicationFilterChain.internalDoFilter(ApplicationFilterChain.java:178)
	at org.apache.catalina.core.ApplicationFilterChain.doFilter(ApplicationFilterChain.java:153)
	at org.springframework.security.web.FilterChainProxy$VirtualFilterChain.doFilter(FilterChainProxy.java:337)
	at org.springframework.security.web.access.intercept.FilterSecurityInterceptor.invoke(FilterSecurityInterceptor.java:115)
	at org.springframework.security.web.access.intercept.FilterSecurityInterceptor.doFilter(FilterSecurityInterceptor.java:81)
	at org.springframework.security.web.FilterChainProxy$VirtualFilterChain.doFilter(FilterChainProxy.java:346)
	at org.springframework.security.web.access.ExceptionTranslationFilter.doFilter(ExceptionTranslationFilter.java:122)
	at org.springframework.security.web.access.ExceptionTranslationFilter.doFilter(ExceptionTranslationFilter.java:116)
	at org.springframework.security.web.FilterChainProxy$VirtualFilterChain.doFilter(FilterChainProxy.java:346)
	at org.springframework.security.web.session.SessionManagementFilter.doFilter(SessionManagementFilter.java:126)
	at org.springframework.security.web.session.SessionManagementFilter.doFilter(SessionManagementFilter.java:81)
	at org.springframework.security.web.FilterChainProxy$VirtualFilterChain.doFilter(FilterChainProxy.java:346)
	at org.springframework.security.web.authentication.AnonymousAuthenticationFilter.doFilter(AnonymousAuthenticationFilter.java:109)
	at org.springframework.security.web.FilterChainProxy$VirtualFilterChain.doFilter(FilterChainProxy.java:346)
	at org.springframework.security.web.servletapi.SecurityContextHolderAwareRequestFilter.doFilter(SecurityContextHolderAwareRequestFilter.java:149)
	at org.springframework.security.web.FilterChainProxy$VirtualFilterChain.doFilter(FilterChainProxy.java:346)
	at org.springframework.security.web.savedrequest.RequestCacheAwareFilter.doFilter(RequestCacheAwareFilter.java:63)
	at org.springframework.security.web.FilterChainProxy$VirtualFilterChain.doFilter(FilterChainProxy.java:346)
	at com.cookerytech.security.jwt.AuthTokenFilter.doFilterInternal(AuthTokenFilter.java:49)
	at org.springframework.web.filter.OncePerRequestFilter.doFilter(OncePerRequestFilter.java:117)
	at org.springframework.security.web.FilterChainProxy$VirtualFilterChain.doFilter(FilterChainProxy.java:346)
	at org.springframework.security.web.authentication.logout.LogoutFilter.doFilter(LogoutFilter.java:103)
	at org.springframework.security.web.authentication.logout.LogoutFilter.doFilter(LogoutFilter.java:89)
	at org.springframework.security.web.FilterChainProxy$VirtualFilterChain.doFilter(FilterChainProxy.java:346)
	at org.springframework.security.web.header.HeaderWriterFilter.doHeadersAfter(HeaderWriterFilter.java:90)
	at org.springframework.security.web.header.HeaderWriterFilter.doFilterInternal(HeaderWriterFilter.java:75)
	at org.springframework.web.filter.OncePerRequestFilter.doFilter(OncePerRequestFilter.java:117)
	at org.springframework.security.web.FilterChainProxy$VirtualFilterChain.doFilter(FilterChainProxy.java:346)
	at org.springframework.security.web.context.SecurityContextPersistenceFilter.doFilter(SecurityContextPersistenceFilter.java:112)
	at org.springframework.security.web.context.SecurityContextPersistenceFilter.doFilter(SecurityContextPersistenceFilter.java:82)
	at org.springframework.security.web.FilterChainProxy$VirtualFilterChain.doFilter(FilterChainProxy.java:346)
	at org.springframework.security.web.context.request.async.WebAsyncManagerIntegrationFilter.doFilterInternal(WebAsyncManagerIntegrationFilter.java:55)
	at org.springframework.web.filter.OncePerRequestFilter.doFilter(OncePerRequestFilter.java:117)
	at org.springframework.security.web.FilterChainProxy$VirtualFilterChain.doFilter(FilterChainProxy.java:346)
	at org.springframework.security.web.session.DisableEncodeUrlFilter.doFilterInternal(DisableEncodeUrlFilter.java:42)
	at org.springframework.web.filter.OncePerRequestFilter.doFilter(OncePerRequestFilter.java:117)
	at org.springframework.security.web.FilterChainProxy$VirtualFilterChain.doFilter(FilterChainProxy.java:346)
	at org.springframework.security.web.FilterChainProxy.doFilterInternal(FilterChainProxy.java:221)
	at org.springframework.security.web.FilterChainProxy.doFilter(FilterChainProxy.java:186)
	at org.springframework.web.filter.DelegatingFilterProxy.invokeDelegate(DelegatingFilterProxy.java:354)
	at org.springframework.web.filter.DelegatingFilterProxy.doFilter(DelegatingFilterProxy.java:267)
	at org.apache.catalina.core.ApplicationFilterChain.internalDoFilter(ApplicationFilterChain.java:178)
	at org.apache.catalina.core.ApplicationFilterChain.doFilter(ApplicationFilterChain.java:153)
	at org.springframework.web.filter.RequestContextFilter.doFilterInternal(RequestContextFilter.java:100)
	at org.springframework.web.filter.OncePerRequestFilter.doFilter(OncePerRequestFilter.java:117)
	at org.apache.catalina.core.ApplicationFilterChain.internalDoFilter(ApplicationFilterChain.java:178)
	at org.apache.catalina.core.ApplicationFilterChain.doFilter(ApplicationFilterChain.java:153)
	at org.springframework.web.filter.FormContentFilter.doFilterInternal(FormContentFilter.java:93)
	at org.springframework.web.filter.OncePerRequestFilter.doFilter(OncePerRequestFilter.java:117)
	at org.apache.catalina.core.ApplicationFilterChain.internalDoFilter(ApplicationFilterChain.java:178)
	at org.apache.catalina.core.ApplicationFilterChain.doFilter(ApplicationFilterChain.java:153)
	at org.springframework.boot.actuate.metrics.web.servlet.WebMvcMetricsFilter.doFilterInternal(WebMvcMetricsFilter.java:96)
	at org.springframework.web.filter.OncePerRequestFilter.doFilter(OncePerRequestFilter.java:117)
	at org.apache.catalina.core.ApplicationFilterChain.internalDoFilter(ApplicationFilterChain.java:178)
	at org.apache.catalina.core.ApplicationFilterChain.doFilter(ApplicationFilterChain.java:153)
	at org.springframework.web.filter.CharacterEncodingFilter.doFilterInternal(CharacterEncodingFilter.java:201)
	at org.springframework.web.filter.OncePerRequestFilter.doFilter(OncePerRequestFilter.java:117)
	at org.apache.catalina.core.ApplicationFilterChain.internalDoFilter(ApplicationFilterChain.java:178)
	at org.apache.catalina.core.ApplicationFilterChain.doFilter(ApplicationFilterChain.java:153)
	at org.apache.catalina.core.StandardWrapperValve.invoke(StandardWrapperValve.java:167)
	at org.apache.catalina.core.StandardContextValve.invoke(StandardContextValve.java:90)
	at org.apache.catalina.authenticator.AuthenticatorBase.invoke(AuthenticatorBase.java:481)
	at org.apache.catalina.core.StandardHostValve.invoke(StandardHostValve.java:130)
	at org.apache.catalina.valves.ErrorReportValve.invoke(ErrorReportValve.java:93)
	at org.apache.catalina.core.StandardEngineValve.invoke(StandardEngineValve.java:74)
	at org.apache.catalina.connector.CoyoteAdapter.service(CoyoteAdapter.java:343)
	at org.apache.coyote.http11.Http11Processor.service(Http11Processor.java:390)
	at org.apache.coyote.AbstractProcessorLight.process(AbstractProcessorLight.java:63)
	at org.apache.coyote.AbstractProtocol$ConnectionHandler.process(AbstractProtocol.java:926)
	at org.apache.tomcat.util.net.NioEndpoint$SocketProcessor.doRun(NioEndpoint.java:1791)
	at org.apache.tomcat.util.net.SocketProcessorBase.run(SocketProcessorBase.java:52)
	at org.apache.tomcat.util.threads.ThreadPoolExecutor.runWorker(ThreadPoolExecutor.java:1191)
	at org.apache.tomcat.util.threads.ThreadPoolExecutor$Worker.run(ThreadPoolExecutor.java:659)
	at org.apache.tomcat.util.threads.TaskThread$WrappingRunnable.run(TaskThread.java:61)
	at java.base/java.lang.Thread.run(Thread.java:834)
2023-09-05 23:05:32,074 INFO  [SpringApplicationShutdownHook] org.springframework.orm.jpa.LocalContainerEntityManagerFactoryBean:Closing JPA EntityManagerFactory for persistence unit 'default'
2023-09-05 23:05:32,094 INFO  [SpringApplicationShutdownHook] com.zaxxer.hikari.HikariDataSource:HikariPool-1 - Shutdown initiated...
2023-09-05 23:05:32,107 INFO  [SpringApplicationShutdownHook] com.zaxxer.hikari.HikariDataSource:HikariPool-1 - Shutdown completed.
